time,BlkCnt,PriceUSD,Index
2016-01-01T00:00:00.000Z,135,434.6780064,0.00486979
2016-01-02T00:00:00.000Z,145,434.4398773,0.004882999
2016-01-03T00:00:00.000Z,145,430.13618,0.004873968
2016-01-04T00:00:00.000Z,181,433.4489711,0.00487379
2016-01-05T00:00:00.000Z,157,432.6695026,0.004881385
2016-01-06T00:00:00.000Z,141,430.6778697,0.004883617
2016-01-07T00:00:00.000Z,147,459.2089401,0.004889745
2016-01-08T00:00:00.000Z,173,454.1344237,0.004877312
2016-01-09T00:00:00.000Z,151,449.8452162,0.004881216
2016-01-10T00:00:00.000Z,175,448.5802162,0.004871412
2016-01-11T00:00:00.000Z,170,449.033059,0.004882553
2016-01-12T00:00:00.000Z,170,441.7681572,0.004880789
2016-01-13T00:00:00.000Z,148,432.3106452,0.004590109
2016-01-14T00:00:00.000Z,133,429.8232247,0.00447901
2016-01-15T00:00:00.000Z,122,367.8231999,0.004488312
2016-01-16T00:00:00.000Z,142,388.0712046,0.004480393
2016-01-17T00:00:00.000Z,151,382.4820865,0.00447803
2016-01-18T00:00:00.000Z,173,384.8651666,0.004478519
2016-01-19T00:00:00.000Z,133,378.161725,0.004489107
2016-01-20T00:00:00.000Z,152,420.6229242,0.004491605
2016-01-21T00:00:00.000Z,137,409.2984597,0.004500188
2016-01-22T00:00:00.000Z,176,381.0464594,0.004482698
2016-01-23T00:00:00.000Z,179,386.3706026,0.004474264
2016-01-24T00:00:00.000Z,171,403.4469267,0.00447918
2016-01-25T00:00:00.000Z,162,391.9860973,0.004487463
2016-01-26T00:00:00.000Z,160,391.1429351,0.004359969
2016-01-27T00:00:00.000Z,155,394.6275304,0.004243823
2016-01-28T00:00:00.000Z,146,378.9009956,0.004242615
2016-01-29T00:00:00.000Z,169,378.9999948,0.004236242
2016-01-30T00:00:00.000Z,187,377.2627791,0.004224769
2016-01-31T00:00:00.000Z,181,366.3416876,0.004222177
2016-02-01T00:00:00.000Z,161,371.2234351,0.004250208
2016-02-02T00:00:00.000Z,180,372.9276312,0.004242528
2016-02-03T00:00:00.000Z,179,368.0982066,0.004231055
2016-02-04T00:00:00.000Z,168,389.7230812,0.004228083
2016-02-05T00:00:00.000Z,188,384.398414,0.004227698
2016-02-06T00:00:00.000Z,200,374.6315555,0.00422408
2016-02-07T00:00:00.000Z,176,375.1539176,0.003595469
2016-02-08T00:00:00.000Z,148,370.8143503,0.003530095
2016-02-09T00:00:00.000Z,176,373.5116129,0.003523127
2016-02-10T00:00:00.000Z,164,379.0826116,0.003526967
2016-02-11T00:00:00.000Z,192,377.6391651,0.003521778
2016-02-12T00:00:00.000Z,171,382.2944565,0.003521495
2016-02-13T00:00:00.000Z,156,389.5984325,0.00352094
2016-02-14T00:00:00.000Z,166,406.1506695,0.003519675
2016-02-15T00:00:00.000Z,152,399.2676186,0.003528519
2016-02-16T00:00:00.000Z,138,407.0353095,0.003532546
2016-02-17T00:00:00.000Z,155,415.3241134,0.003528481
2016-02-18T00:00:00.000Z,169,421.289663,0.003525626
2016-02-19T00:00:00.000Z,145,419.6265285,0.003318735
2016-02-20T00:00:00.000Z,150,440.1957601,0.003109861
2016-02-21T00:00:00.000Z,128,438.7186127,0.003115286
2016-02-22T00:00:00.000Z,127,437.5352951,0.003120192
2016-02-23T00:00:00.000Z,136,420.0325926,0.003120543
2016-02-24T00:00:00.000Z,118,423.9951125,0.003123382
2016-02-25T00:00:00.000Z,155,424.0908703,0.003112579
2016-02-26T00:00:00.000Z,140,431.762242,0.003113348
2016-02-27T00:00:00.000Z,147,432.947846,0.00310643
2016-02-28T00:00:00.000Z,134,433.1022627,0.003118173
2016-02-29T00:00:00.000Z,133,437.7758726,0.003127157
2016-03-01T00:00:00.000Z,141,432.8078672,0.00312837
2016-03-02T00:00:00.000Z,157,423.0797894,0.00314758
2016-03-03T00:00:00.000Z,135,419.2688213,0.003128865
2016-03-04T00:00:00.000Z,155,407.9901543,0.0031218
2016-03-05T00:00:00.000Z,150,397.3144539,0.00322726
2016-03-06T00:00:00.000Z,148,403.7051875,0.003207758
2016-03-07T00:00:00.000Z,133,413.2293662,0.003217554
2016-03-08T00:00:00.000Z,154,411.4259532,0.003210553
2016-03-09T00:00:00.000Z,168,412.5407035,0.003215067
2016-03-10T00:00:00.000Z,155,416.3409287,0.003208483
2016-03-11T00:00:00.000Z,160,419.5119342,0.00320677
2016-03-12T00:00:00.000Z,144,410.2641633,0.003204475
2016-03-13T00:00:00.000Z,133,411.8058825,0.003208282
2016-03-14T00:00:00.000Z,152,415.0269573,0.003208421
2016-03-15T00:00:00.000Z,161,415.2664003,0.003208648
2016-03-16T00:00:00.000Z,152,417.0241185,0.003214497
2016-03-17T00:00:00.000Z,141,418.6053638,0.003215907
2016-03-18T00:00:00.000Z,136,408.9015874,0.003130947
2016-03-19T00:00:00.000Z,136,409.1244299,0.00306983
2016-03-20T00:00:00.000Z,146,412.0569538,0.003066493
2016-03-21T00:00:00.000Z,139,411.6017741,0.003074994
2016-03-22T00:00:00.000Z,148,416.5816538,0.003073466
2016-03-23T00:00:00.000Z,149,417.3782995,0.003070684
2016-03-24T00:00:00.000Z,147,413.5602399,0.003070435
2016-03-25T00:00:00.000Z,146,416.3732438,0.003065776
2016-03-26T00:00:00.000Z,153,416.8230967,0.003068161
2016-03-27T00:00:00.000Z,141,425.4549598,0.003065133
2016-03-28T00:00:00.000Z,170,422.9174468,0.003072405
2016-03-29T00:00:00.000Z,157,415.8638288,0.003084201
2016-03-30T00:00:00.000Z,147,412.7776978,0.003076039
2016-03-31T00:00:00.000Z,124,415.9568112,0.003084519
2016-04-01T00:00:00.000Z,153,417.2006603,0.00306026
2016-04-02T00:00:00.000Z,139,419.7630567,0.003058484
2016-04-03T00:00:00.000Z,142,420.0735789,0.003049498
2016-04-04T00:00:00.000Z,166,419.5407279,0.003046917
2016-04-05T00:00:00.000Z,155,422.5013644,0.00305196
2016-04-06T00:00:00.000Z,157,421.9071912,0.003058956
2016-04-07T00:00:00.000Z,139,421.46722,0.003053299
2016-04-08T00:00:00.000Z,144,418.6434605,0.003049946
2016-04-09T00:00:00.000Z,162,418.7586354,0.003041621
2016-04-10T00:00:00.000Z,173,421.9544885,0.003037264
2016-04-11T00:00:00.000Z,153,423.273044,0.003054414
2016-04-12T00:00:00.000Z,148,427.4276646,0.003054398
2016-04-13T00:00:00.000Z,164,424.8725181,0.003047927
2016-04-14T00:00:00.000Z,164,425.856595,0.002907767
2016-04-15T00:00:00.000Z,139,430.7244188,0.002850892
2016-04-16T00:00:00.000Z,138,432.216313,0.002842184
2016-04-17T00:00:00.000Z,158,429.3399687,0.002839401
2016-04-18T00:00:00.000Z,134,429.6569337,0.00285443
2016-04-19T00:00:00.000Z,150,437.5687262,0.002847401
2016-04-20T00:00:00.000Z,165,442.6616533,0.002843475
2016-04-21T00:00:00.000Z,151,452.1647028,0.002846851
2016-04-22T00:00:00.000Z,143,448.1344213,0.002848005
2016-04-23T00:00:00.000Z,144,453.914723,0.002840436
2016-04-24T00:00:00.000Z,132,463.3828714,0.002843002
2016-04-25T00:00:00.000Z,127,465.3160067,0.002853548
2016-04-26T00:00:00.000Z,151,469.6087645,0.003066426
2016-04-27T00:00:00.000Z,129,445.7411131,0.002855927
2016-04-28T00:00:00.000Z,135,451.0600618,0.002855896
2016-04-29T00:00:00.000Z,158,457.0099652,0.002850126
2016-04-30T00:00:00.000Z,146,449.9004845,0.00284658
2016-05-01T00:00:00.000Z,155,455.0107312,0.002839266
2016-05-02T00:00:00.000Z,157,444.9330612,0.002847347
2016-05-03T00:00:00.000Z,151,451.6288504,0.002848034
2016-05-04T00:00:00.000Z,167,448.3679676,0.00284739
2016-05-05T00:00:00.000Z,155,449.3360725,0.002847018
2016-05-06T00:00:00.000Z,162,461.6938624,0.002846588
2016-05-07T00:00:00.000Z,150,461.3618425,0.002842325
2016-05-08T00:00:00.000Z,168,461.3788723,0.002837806
2016-05-09T00:00:00.000Z,171,463.4622317,0.00284198
2016-05-10T00:00:00.000Z,158,451.0796683,0.002849226
2016-05-11T00:00:00.000Z,133,453.8963053,0.002668547
2016-05-12T00:00:00.000Z,139,455.6072559,0.002623633
2016-05-13T00:00:00.000Z,152,457.2419027,0.00262137
2016-05-14T00:00:00.000Z,144,458.1195248,0.002623058
2016-05-15T00:00:00.000Z,139,460.8577206,0.002624069
2016-05-16T00:00:00.000Z,141,455.2240773,0.002632425
2016-05-17T00:00:00.000Z,141,453.545777,0.002632896
2016-05-18T00:00:00.000Z,153,454.4861841,0.002628436
2016-05-19T00:00:00.000Z,120,437.7241871,0.002634983
2016-05-20T00:00:00.000Z,149,442.3967992,0.00262697
2016-05-21T00:00:00.000Z,141,444.0782072,0.002628071
2016-05-22T00:00:00.000Z,184,440.5586688,0.002613454
2016-05-23T00:00:00.000Z,180,444.2050573,0.002621265
2016-05-24T00:00:00.000Z,147,445.6744549,0.002620609
2016-05-25T00:00:00.000Z,138,450.5495272,0.002567356
2016-05-26T00:00:00.000Z,135,454.4337224,0.002565496
2016-05-27T00:00:00.000Z,139,471.8201173,0.002574916
2016-05-28T00:00:00.000Z,133,530.9105979,0.002561745
2016-05-29T00:00:00.000Z,147,527.5497124,0.002557727
2016-05-30T00:00:00.000Z,144,533.493149,0.002562608
2016-05-31T00:00:00.000Z,127,530.9436928,0.00256549
2016-06-01T00:00:00.000Z,143,537.6136788,0.002562371
2016-06-02T00:00:00.000Z,138,538.7712432,0.002566462
2016-06-03T00:00:00.000Z,142,570.1759883,0.002561292
2016-06-04T00:00:00.000Z,119,574.2662016,0.002562471
2016-06-05T00:00:00.000Z,170,575.137638,0.002549449
2016-06-06T00:00:00.000Z,170,585.857149,0.002554429
2016-06-07T00:00:00.000Z,140,578.4692407,0.002562021
2016-06-08T00:00:00.000Z,144,583.0975853,0.002597958
2016-06-09T00:00:00.000Z,165,577.1016997,0.002597416
2016-06-10T00:00:00.000Z,144,579.8149936,0.002602535
2016-06-11T00:00:00.000Z,156,605.449557,0.002595635
2016-06-12T00:00:00.000Z,146,670.3923743,0.002602706
2016-06-13T00:00:00.000Z,161,704.3217781,0.002605584
2016-06-14T00:00:00.000Z,132,684.9483194,0.002618641
2016-06-15T00:00:00.000Z,152,695.0014684,0.002621971
2016-06-16T00:00:00.000Z,149,767.4200313,0.002621791
2016-06-17T00:00:00.000Z,149,750.0146339,0.002618726
2016-06-18T00:00:00.000Z,158,758.2887801,0.002611461
2016-06-19T00:00:00.000Z,177,766.7671327,0.002600817
2016-06-20T00:00:00.000Z,164,722.4974524,0.002613388
2016-06-21T00:00:00.000Z,149,669.6042047,0.002483191
2016-06-22T00:00:00.000Z,129,594.8329746,0.002460327
2016-06-23T00:00:00.000Z,140,627.6778556,0.002450956
2016-06-24T00:00:00.000Z,129,664.1269857,0.002456261
2016-06-25T00:00:00.000Z,162,668.8726841,0.002437444
2016-06-26T00:00:00.000Z,146,630.4342421,0.002436506
2016-06-27T00:00:00.000Z,147,652.2448077,0.002441897
2016-06-28T00:00:00.000Z,148,647.2187684,0.002438955
2016-06-29T00:00:00.000Z,146,638.5863456,0.002441655
2016-06-30T00:00:00.000Z,150,674.2848147,0.002440968
2016-07-01T00:00:00.000Z,155,677.5123857,0.002437044
2016-07-02T00:00:00.000Z,149,702.7393168,0.002434401
2016-07-03T00:00:00.000Z,154,662.5500859,0.002430168
2016-07-04T00:00:00.000Z,151,679.8424534,0.002433485
2016-07-05T00:00:00.000Z,145,668.1659813,0.002392844
2016-07-06T00:00:00.000Z,140,677.6513331,0.00239514
2016-07-07T00:00:00.000Z,137,640.0532361,0.002394794
2016-07-08T00:00:00.000Z,145,665.0517084,0.002393744
2016-07-09T00:00:00.000Z,149,651.941914,0.001967047
2016-07-10T00:00:00.000Z,156,649.959341,0.00120167
2016-07-11T00:00:00.000Z,143,650.2725947,0.00121642
2016-07-12T00:00:00.000Z,143,670.023128,0.001211891
2016-07-13T00:00:00.000Z,129,658.3336134,0.001217712
2016-07-14T00:00:00.000Z,141,660.9059602,0.00121789
2016-07-15T00:00:00.000Z,135,666.7586711,0.001215775
2016-07-16T00:00:00.000Z,157,665.2756222,0.001209339
2016-07-17T00:00:00.000Z,149,681.089602,0.001207967
2016-07-18T00:00:00.000Z,148,675.1185792,0.001215665
2016-07-19T00:00:00.000Z,128,674.6603603,0.001223746
2016-07-20T00:00:00.000Z,150,667.3053649,0.001217899
2016-07-21T00:00:00.000Z,133,666.8517393,0.001221588
2016-07-22T00:00:00.000Z,129,650.5629116,0.001226446
2016-07-23T00:00:00.000Z,131,657.377943,0.001220063
2016-07-24T00:00:00.000Z,124,661.3939798,0.00121691
2016-07-25T00:00:00.000Z,131,655.1195778,0.001227449
2016-07-26T00:00:00.000Z,129,654.6263392,0.001229565
2016-07-27T00:00:00.000Z,128,656.2751469,0.001231845
2016-07-28T00:00:00.000Z,136,656.1964534,0.001228054
2016-07-29T00:00:00.000Z,147,657.5575675,0.001224013
2016-07-30T00:00:00.000Z,119,655.3617302,0.001230477
2016-07-31T00:00:00.000Z,154,624.8044871,0.001223053
2016-08-01T00:00:00.000Z,153,606.5092479,0.001221243
2016-08-02T00:00:00.000Z,154,526.9811483,0.001245496
2016-08-03T00:00:00.000Z,166,570.3470409,0.001290695
2016-08-04T00:00:00.000Z,153,583.542158,0.001290746
2016-08-05T00:00:00.000Z,169,581.2798057,0.001290103
2016-08-06T00:00:00.000Z,166,590.795403,0.001281143
2016-08-07T00:00:00.000Z,148,594.732324,0.001290439
2016-08-08T00:00:00.000Z,148,591.6292839,0.001303561
2016-08-09T00:00:00.000Z,124,587.9321382,0.001304925
2016-08-10T00:00:00.000Z,151,589.9687583,0.001296347
2016-08-11T00:00:00.000Z,150,589.5858847,0.001297813
2016-08-12T00:00:00.000Z,149,587.1916496,0.001293091
2016-08-13T00:00:00.000Z,163,585.3635816,0.0012843
2016-08-14T00:00:00.000Z,163,571.3870625,0.001282275
2016-08-15T00:00:00.000Z,146,566.5644413,0.001279915
2016-08-16T00:00:00.000Z,135,578.4149241,0.001213274
2016-08-17T00:00:00.000Z,123,573.6637444,0.001211707
2016-08-18T00:00:00.000Z,154,573.263192,0.001202666
2016-08-19T00:00:00.000Z,154,573.9584579,0.00120513
2016-08-20T00:00:00.000Z,155,581.7970701,0.001194474
2016-08-21T00:00:00.000Z,163,580.7921926,0.001185619
2016-08-22T00:00:00.000Z,158,584.9718977,0.001194002
2016-08-23T00:00:00.000Z,147,582.6277474,0.001199484
2016-08-24T00:00:00.000Z,152,578.7018317,0.001196847
2016-08-25T00:00:00.000Z,130,576.0334366,0.001202483
2016-08-26T00:00:00.000Z,132,578.8746534,0.001200243
2016-08-27T00:00:00.000Z,144,570.2009937,0.001192751
2016-08-28T00:00:00.000Z,152,575.1052326,0.001186276
2016-08-29T00:00:00.000Z,149,573.4292676,0.001191162
2016-08-30T00:00:00.000Z,164,575.6956984,0.001176151
2016-08-31T00:00:00.000Z,134,572.2727583,0.00118184
2016-09-01T00:00:00.000Z,140,572.221702,0.00117963
2016-09-02T00:00:00.000Z,153,576.8467674,0.00117374
2016-09-03T00:00:00.000Z,126,600.3744068,0.001175905
2016-09-04T00:00:00.000Z,179,610.5389133,0.001162348
2016-09-05T00:00:00.000Z,140,607.5269642,0.001181571
2016-09-06T00:00:00.000Z,136,612.9954583,0.001178733
2016-09-07T00:00:00.000Z,152,615.6598191,0.001177599
2016-09-08T00:00:00.000Z,144,630.550172,0.001176722
2016-09-09T00:00:00.000Z,142,622.977884,0.00117927
2016-09-10T00:00:00.000Z,155,624.7526404,0.001169505
2016-09-11T00:00:00.000Z,164,608.2466759,0.001165346
2016-09-12T00:00:00.000Z,163,607.7073727,0.001150016
2016-09-13T00:00:00.000Z,165,608.6942963,0.001150197
2016-09-14T00:00:00.000Z,156,609.4130877,0.001148394
2016-09-15T00:00:00.000Z,154,607.0702626,0.001148064
2016-09-16T00:00:00.000Z,139,607.806438,0.00115534
2016-09-17T00:00:00.000Z,163,607.3814497,0.001144686
2016-09-18T00:00:00.000Z,145,611.5334603,0.001146048
2016-09-19T00:00:00.000Z,133,608.8713063,0.001157985
2016-09-20T00:00:00.000Z,151,608.3717486,0.001153326
2016-09-21T00:00:00.000Z,166,596.9457566,0.001148116
2016-09-22T00:00:00.000Z,141,595.5647165,0.001152845
2016-09-23T00:00:00.000Z,136,602.3787849,0.001154252
2016-09-24T00:00:00.000Z,166,602.6873597,0.001144093
2016-09-25T00:00:00.000Z,185,600.6100549,0.00109247
2016-09-26T00:00:00.000Z,153,606.7788106,0.001075545
2016-09-27T00:00:00.000Z,167,605.1516137,0.001074526
2016-09-28T00:00:00.000Z,148,604.6864944,0.001078802
2016-09-29T00:00:00.000Z,143,605.202562,0.001081868
2016-09-30T00:00:00.000Z,142,608.8658407,0.00108226
2016-10-01T00:00:00.000Z,157,615.4084788,0.00107384
2016-10-02T00:00:00.000Z,141,611.7485783,0.001074642
2016-10-03T00:00:00.000Z,151,612.5903474,0.001083585
2016-10-04T00:00:00.000Z,158,610.0078814,0.001079682
2016-10-05T00:00:00.000Z,167,612.1477809,0.001078981
2016-10-06T00:00:00.000Z,161,611.7608628,0.0010822
2016-10-07T00:00:00.000Z,143,617.9057051,0.001084645
2016-10-08T00:00:00.000Z,169,619.3010018,0.001033126
2016-10-09T00:00:00.000Z,160,617.1010413,0.001001529
2016-10-10T00:00:00.000Z,124,618.0852,0.00101547
2016-10-11T00:00:00.000Z,139,642.9813873,0.001017683
2016-10-12T00:00:00.000Z,144,636.5979322,0.001009755
2016-10-13T00:00:00.000Z,128,635.4440953,0.001013667
2016-10-14T00:00:00.000Z,136,639.5860903,0.001011279
2016-10-15T00:00:00.000Z,142,637.2837593,0.001007127
2016-10-16T00:00:00.000Z,130,642.9130425,0.001007358
2016-10-17T00:00:00.000Z,125,639.1375365,0.001017637
2016-10-18T00:00:00.000Z,155,635.5765086,0.001011273
2016-10-19T00:00:00.000Z,125,629.640708,0.001013442
2016-10-20T00:00:00.000Z,134,628.5989011,0.001023281
2016-10-21T00:00:00.000Z,164,630.9062034,0.001007862
2016-10-22T00:00:00.000Z,149,654.508631,0.001012127
2016-10-23T00:00:00.000Z,144,651.9619568,0.001029985
2016-10-24T00:00:00.000Z,143,650.0271672,0.001036793
2016-10-25T00:00:00.000Z,139,655.7925051,0.001048167
2016-10-26T00:00:00.000Z,138,675.1098693,0.001062826
2016-10-27T00:00:00.000Z,162,686.5233271,0.001045489
2016-10-28T00:00:00.000Z,152,690.3906549,0.001033312
2016-10-29T00:00:00.000Z,149,715.4454693,0.001030569
2016-10-30T00:00:00.000Z,168,699.333411,0.001020591
2016-10-31T00:00:00.000Z,147,698.897728,0.001033416
2016-11-01T00:00:00.000Z,144,730.57848,0.00103542
2016-11-02T00:00:00.000Z,133,740.3670555,0.001038201
2016-11-03T00:00:00.000Z,155,689.939207,0.001032373
2016-11-04T00:00:00.000Z,116,705.4320167,0.001048561
2016-11-05T00:00:00.000Z,147,706.8193256,0.001029472
2016-11-06T00:00:00.000Z,153,715.8968798,0.001023852
2016-11-07T00:00:00.000Z,146,706.1812168,0.0010374
2016-11-08T00:00:00.000Z,169,711.8358466,0.001029131
2016-11-09T00:00:00.000Z,147,721.5015099,0.001033005
2016-11-10T00:00:00.000Z,168,713.4076156,0.001025431
2016-11-11T00:00:00.000Z,163,715.7033106,0.001023501
2016-11-12T00:00:00.000Z,168,703.8475511,0.001018926
2016-11-13T00:00:00.000Z,142,703.6264353,0.001021608
2016-11-14T00:00:00.000Z,172,705.6435842,0.001024484
2016-11-15T00:00:00.000Z,156,712.3471528,0.001028833
2016-11-16T00:00:00.000Z,171,742.0501176,0.001024483
2016-11-17T00:00:00.000Z,159,735.3180805,0.001031571
2016-11-18T00:00:00.000Z,148,749.5787273,0.000961328
2016-11-19T00:00:00.000Z,142,751.2138194,0.000928633
2016-11-20T00:00:00.000Z,128,730.3508136,0.000933792
2016-11-21T00:00:00.000Z,139,736.5069839,0.000941284
2016-11-22T00:00:00.000Z,134,747.997678,0.000945836
2016-11-23T00:00:00.000Z,147,741.2403179,0.000946151
2016-11-24T00:00:00.000Z,162,737.354976,0.000951255
2016-11-25T00:00:00.000Z,152,739.6852002,0.000957754
2016-11-26T00:00:00.000Z,153,734.6529259,0.000938512
2016-11-27T00:00:00.000Z,144,727.7411158,0.00093376
2016-11-28T00:00:00.000Z,164,730.0824838,0.000939656
2016-11-29T00:00:00.000Z,149,731.6464357,0.000940738
2016-11-30T00:00:00.000Z,142,742.2044513,0.000942131
2016-12-01T00:00:00.000Z,146,753.6749101,0.00094367
2016-12-02T00:00:00.000Z,143,772.3023827,0.000936751
2016-12-03T00:00:00.000Z,172,766.1104681,0.000917788
2016-12-04T00:00:00.000Z,148,766.3801391,0.000920929
2016-12-05T00:00:00.000Z,152,752.6707262,0.000926638
2016-12-06T00:00:00.000Z,150,759.1173258,0.000932213
2016-12-07T00:00:00.000Z,174,764.9876501,0.00091992
2016-12-08T00:00:00.000Z,157,767.6592246,0.000920405
2016-12-09T00:00:00.000Z,135,771.9023211,0.000926619
2016-12-10T00:00:00.000Z,132,775.4745613,0.00092205
2016-12-11T00:00:00.000Z,187,770.4961505,0.000905377
2016-12-12T00:00:00.000Z,156,778.5065991,0.000919189
2016-12-13T00:00:00.000Z,178,778.9306946,0.000915888
2016-12-14T00:00:00.000Z,139,776.9639615,0.000925282
2016-12-15T00:00:00.000Z,127,776.176782,0.000864009
2016-12-16T00:00:00.000Z,133,782.2302159,0.000858816
2016-12-17T00:00:00.000Z,144,789.6029322,0.000846768
2016-12-18T00:00:00.000Z,141,790.6329665,0.000848206
2016-12-19T00:00:00.000Z,151,790.2790317,0.000855685
2016-12-20T00:00:00.000Z,138,799.7775207,0.000858383
2016-12-21T00:00:00.000Z,159,828.4836793,0.000857328
2016-12-22T00:00:00.000Z,159,858.501434,0.000854231
2016-12-23T00:00:00.000Z,152,915.5624383,0.000853475
2016-12-24T00:00:00.000Z,137,891.1552721,0.000849934
2016-12-25T00:00:00.000Z,165,896.0032793,0.000835039
2016-12-26T00:00:00.000Z,142,903.2012466,0.000852028
2016-12-27T00:00:00.000Z,156,925.9508105,0.000851593
2016-12-28T00:00:00.000Z,164,979.960974,0.000846141
2016-12-29T00:00:00.000Z,150,973.4625594,0.000837003
2016-12-30T00:00:00.000Z,157,961.1826582,0.000831783
2016-12-31T00:00:00.000Z,148,968.970597,0.000826155
2017-01-01T00:00:00.000Z,156,997.257358,0.000819093
2017-01-02T00:00:00.000Z,159,1017.077886,0.000834977
2017-01-03T00:00:00.000Z,164,1032.609053,0.000838795
2017-01-04T00:00:00.000Z,153,1134.496445,0.000870279
2017-01-05T00:00:00.000Z,140,1000.498129,0.000844446
2017-01-06T00:00:00.000Z,161,892.4639556,0.000841034
2017-01-07T00:00:00.000Z,138,903.4532836,0.000840382
2017-01-08T00:00:00.000Z,167,912.4849971,0.000825696
2017-01-09T00:00:00.000Z,136,903.5086668,0.000840245
2017-01-10T00:00:00.000Z,160,906.4989474,0.000832167
2017-01-11T00:00:00.000Z,153,788.314656,0.000790289
2017-01-12T00:00:00.000Z,172,807.1098335,0.00078202
2017-01-13T00:00:00.000Z,150,826.7469274,0.00078584
2017-01-14T00:00:00.000Z,172,820.0451573,0.000776867
2017-01-15T00:00:00.000Z,167,824.5470652,0.000774815
2017-01-16T00:00:00.000Z,169,830.8380351,0.000783954
2017-01-17T00:00:00.000Z,158,906.0268281,0.000787038
2017-01-18T00:00:00.000Z,150,881.2598154,0.000789651
2017-01-19T00:00:00.000Z,174,902.26387,0.000785406
2017-01-20T00:00:00.000Z,189,895.1745162,0.000779168
2017-01-21T00:00:00.000Z,181,924.4682595,0.000777177
2017-01-22T00:00:00.000Z,174,922.4670774,0.000767178
2017-01-23T00:00:00.000Z,138,919.1157441,0.000681032
2017-01-24T00:00:00.000Z,149,887.7431938,0.000689303
2017-01-25T00:00:00.000Z,149,895.6900333,0.000686073
2017-01-26T00:00:00.000Z,155,916.6674686,0.00068017
2017-01-27T00:00:00.000Z,170,920.4544635,0.00067473
2017-01-28T00:00:00.000Z,152,922.7749486,0.000680867
2017-01-29T00:00:00.000Z,167,915.6320231,0.000676349
2017-01-30T00:00:00.000Z,144,920.3132608,0.000688984
2017-01-31T00:00:00.000Z,145,968.4991057,0.000690637
2017-02-01T00:00:00.000Z,192,987.5325904,0.000681089
2017-02-02T00:00:00.000Z,157,1007.704366,0.000687257
2017-02-03T00:00:00.000Z,149,1015.302039,0.000694872
2017-02-04T00:00:00.000Z,144,1033.785973,0.000686087
2017-02-05T00:00:00.000Z,159,1014.567876,0.00063695
2017-02-06T00:00:00.000Z,125,1023.317481,0.00065526
2017-02-07T00:00:00.000Z,151,1053.624459,0.000649076
2017-02-08T00:00:00.000Z,146,1052.367645,0.00064668
2017-02-09T00:00:00.000Z,169,982.7519395,0.000644599
2017-02-10T00:00:00.000Z,147,996.6501531,0.000641476
2017-02-11T00:00:00.000Z,139,1011.375322,0.000635066
2017-02-12T00:00:00.000Z,140,1006.296465,0.00062997
2017-02-13T00:00:00.000Z,163,999.953185,0.000636061
2017-02-14T00:00:00.000Z,169,1012.213464,0.00063565
2017-02-15T00:00:00.000Z,139,1013.903841,0.000642712
2017-02-16T00:00:00.000Z,151,1036.806865,0.000648255
2017-02-17T00:00:00.000Z,151,1058.66992,0.000647866
2017-02-18T00:00:00.000Z,151,1060.668805,0.000627126
2017-02-19T00:00:00.000Z,134,1058.7864,0.00061432
2017-02-20T00:00:00.000Z,148,1088.688429,0.000620024
2017-02-21T00:00:00.000Z,138,1128.855293,0.00062624
2017-02-22T00:00:00.000Z,138,1129.701791,0.000630523
2017-02-23T00:00:00.000Z,150,1188.861786,0.000635173
2017-02-24T00:00:00.000Z,163,1185.488892,0.000633091
2017-02-25T00:00:00.000Z,167,1151.604737,0.000621997
2017-02-26T00:00:00.000Z,178,1181.710866,0.000612886
2017-02-27T00:00:00.000Z,144,1194.15245,0.000633279
2017-02-28T00:00:00.000Z,153,1188.399941,0.000637445
2017-03-01T00:00:00.000Z,144,1228.459651,0.000643703
2017-03-02T00:00:00.000Z,157,1262.931467,0.000643831
2017-03-03T00:00:00.000Z,151,1289.363191,0.000640935
2017-03-04T00:00:00.000Z,132,1268.940664,0.000618804
2017-03-05T00:00:00.000Z,147,1276.273683,0.000610369
2017-03-06T00:00:00.000Z,142,1282.254657,0.00061893
2017-03-07T00:00:00.000Z,153,1234.476462,0.000622428
2017-03-08T00:00:00.000Z,142,1152.139389,0.00061827
2017-03-09T00:00:00.000Z,148,1193.455527,0.000615596
2017-03-10T00:00:00.000Z,156,1098.530149,0.000617167
2017-03-11T00:00:00.000Z,149,1176.822921,0.000610071
2017-03-12T00:00:00.000Z,155,1231.748357,0.000598634
2017-03-13T00:00:00.000Z,145,1239.396296,0.000612735
2017-03-14T00:00:00.000Z,156,1246.536565,0.000617286
2017-03-15T00:00:00.000Z,142,1258.651381,0.00061901
2017-03-16T00:00:00.000Z,153,1178.02075,0.000620474
2017-03-17T00:00:00.000Z,154,1072.082538,0.000602891
2017-03-18T00:00:00.000Z,157,962.5690562,0.000586921
2017-03-19T00:00:00.000Z,165,1020.220254,0.000582567
2017-03-20T00:00:00.000Z,136,1037.756346,0.00060411
2017-03-21T00:00:00.000Z,142,1111.818264,0.000602946
2017-03-22T00:00:00.000Z,159,1037.30257,0.000598659
2017-03-23T00:00:00.000Z,148,1028.172856,0.000596261
2017-03-24T00:00:00.000Z,176,935.0634962,0.000584138
2017-03-25T00:00:00.000Z,133,968.5433293,0.00058666
2017-03-26T00:00:00.000Z,166,962.9580546,0.000566707
2017-03-27T00:00:00.000Z,132,1042.919198,0.000593133
2017-03-28T00:00:00.000Z,155,1045.162932,0.000591784
2017-03-29T00:00:00.000Z,138,1039.688616,0.000593546
2017-03-30T00:00:00.000Z,164,1037.987661,0.000572373
2017-03-31T00:00:00.000Z,135,1081.743531,0.000567118
2017-04-01T00:00:00.000Z,132,1089.524772,0.000561957
2017-04-02T00:00:00.000Z,158,1105.562956,0.000548264
2017-04-03T00:00:00.000Z,176,1144.664771,0.000554694
2017-04-04T00:00:00.000Z,125,1141.921919,0.000568201
2017-04-05T00:00:00.000Z,162,1135.811644,0.000561842
2017-04-06T00:00:00.000Z,147,1194.596459,0.000563525
2017-04-07T00:00:00.000Z,162,1191.731451,0.000559623
2017-04-08T00:00:00.000Z,137,1184.41772,0.000553855
2017-04-09T00:00:00.000Z,159,1213.63414,0.000545151
2017-04-10T00:00:00.000Z,147,1211.649876,0.000557873
2017-04-11T00:00:00.000Z,167,1229.784933,0.00055788
2017-04-12T00:00:00.000Z,142,1216.114368,0.000563448
2017-04-13T00:00:00.000Z,127,1172.55834,0.000551654
2017-04-14T00:00:00.000Z,139,1174.333234,0.000547002
2017-04-15T00:00:00.000Z,150,1175.562189,0.000534279
2017-04-16T00:00:00.000Z,146,1173.69138,0.000525038
2017-04-17T00:00:00.000Z,138,1191.901201,0.000533878
2017-04-18T00:00:00.000Z,146,1202.131458,0.000541224
2017-04-19T00:00:00.000Z,143,1209.560909,0.000539685
2017-04-20T00:00:00.000Z,138,1235.803075,0.000546878
2017-04-21T00:00:00.000Z,167,1247.33607,0.000538051
2017-04-22T00:00:00.000Z,145,1243.550393,0.000531808
2017-04-23T00:00:00.000Z,153,1250.001483,0.000524869
2017-04-24T00:00:00.000Z,124,1257.239442,0.000543207
2017-04-25T00:00:00.000Z,148,1279.864717,0.000553495
2017-04-26T00:00:00.000Z,153,1296.485457,0.000546577
2017-04-27T00:00:00.000Z,147,1345.889956,0.000549437
2017-04-28T00:00:00.000Z,136,1347.985156,0.000552559
2017-04-29T00:00:00.000Z,173,1357.715253,0.000538351
2017-04-30T00:00:00.000Z,151,1381.956372,0.000532502
2017-05-01T00:00:00.000Z,150,1436.941488,0.000541201
2017-05-02T00:00:00.000Z,158,1463.819068,0.000548031
2017-05-03T00:00:00.000Z,132,1519.408944,0.000554848
2017-05-04T00:00:00.000Z,168,1539.830052,0.000551369
2017-05-05T00:00:00.000Z,129,1529.850443,0.00056005
2017-05-06T00:00:00.000Z,168,1573.28551,0.000549724
2017-05-07T00:00:00.000Z,167,1526.267772,0.000545783
2017-05-08T00:00:00.000Z,180,1685.086496,0.000549432
2017-05-09T00:00:00.000Z,155,1719.228014,0.000557865
2017-05-10T00:00:00.000Z,148,1782.499,0.000525383
2017-05-11T00:00:00.000Z,135,1835.487548,0.000523712
2017-05-12T00:00:00.000Z,154,1704.661641,0.000523719
2017-05-13T00:00:00.000Z,158,1779.840257,0.000517701
2017-05-14T00:00:00.000Z,164,1794.593551,0.000514155
2017-05-15T00:00:00.000Z,170,1736.882846,0.00051851
2017-05-16T00:00:00.000Z,132,1757.026949,0.000545716
2017-05-17T00:00:00.000Z,155,1808.746065,0.000560041
2017-05-18T00:00:00.000Z,142,1894.247265,0.000548827
2017-05-19T00:00:00.000Z,164,1967.545548,0.00054501
2017-05-20T00:00:00.000Z,165,2048.117678,0.000533303
2017-05-21T00:00:00.000Z,147,2045.222493,0.000534447
2017-05-22T00:00:00.000Z,146,2078.9435,0.000550498
2017-05-23T00:00:00.000Z,168,2257.288364,0.000525587
2017-05-24T00:00:00.000Z,154,2415.007227,0.000525578
2017-05-25T00:00:00.000Z,163,2319.601379,0.000525426
2017-05-26T00:00:00.000Z,153,2279.418584,0.000526008
2017-05-27T00:00:00.000Z,168,2044.3005,0.000527164
2017-05-28T00:00:00.000Z,165,2225.700867,0.00050859
2017-05-29T00:00:00.000Z,151,2284.715797,0.00053318
2017-05-30T00:00:00.000Z,179,2167.264478,0.000533117
2017-05-31T00:00:00.000Z,164,2299.43261,0.000539746
2017-06-01T00:00:00.000Z,170,2399.887632,0.000535146
2017-06-02T00:00:00.000Z,146,2479.423894,0.000531501
2017-06-03T00:00:00.000Z,192,2549.551952,0.000517197
2017-06-04T00:00:00.000Z,161,2524.993834,0.000485645
2017-06-05T00:00:00.000Z,164,2685.318917,0.00045677
2017-06-06T00:00:00.000Z,151,2871.341677,0.000470984
2017-06-07T00:00:00.000Z,165,2706.760009,0.000489735
2017-06-08T00:00:00.000Z,165,2802.563547,0.000459491
2017-06-09T00:00:00.000Z,151,2804.872267,0.000459126
2017-06-10T00:00:00.000Z,141,2916.32786,0.000451665
2017-06-11T00:00:00.000Z,146,2974.214559,0.000443361
2017-06-12T00:00:00.000Z,147,2665.43327,0.000453614
2017-06-13T00:00:00.000Z,141,2707.137824,0.000470945
2017-06-14T00:00:00.000Z,140,2443.824451,0.000466329
2017-06-15T00:00:00.000Z,153,2409.886764,0.000453935
2017-06-16T00:00:00.000Z,148,2476.359095,0.00044652
2017-06-17T00:00:00.000Z,145,2652.755363,0.000432192
2017-06-18T00:00:00.000Z,145,2508.214207,0.000407765
2017-06-19T00:00:00.000Z,151,2589.642213,0.000425272
2017-06-20T00:00:00.000Z,138,2733.226556,0.000434191
2017-06-21T00:00:00.000Z,140,2639.261314,0.000446711
2017-06-22T00:00:00.000Z,139,2686.647514,0.000443172
2017-06-23T00:00:00.000Z,160,2685.870471,0.000414373
2017-06-24T00:00:00.000Z,146,2562.189149,0.000410491
2017-06-25T00:00:00.000Z,122,2497.728941,0.0004155
2017-06-26T00:00:00.000Z,142,2426.365051,0.000427726
2017-06-27T00:00:00.000Z,131,2530.345536,0.00043219
2017-06-28T00:00:00.000Z,157,2562.792264,0.000422199
2017-06-29T00:00:00.000Z,120,2540.443032,0.000434664
2017-06-30T00:00:00.000Z,154,2452.712064,0.000418477
2017-07-01T00:00:00.000Z,164,2412.366213,0.000396705
2017-07-02T00:00:00.000Z,188,2518.872187,0.00038495
2017-07-03T00:00:00.000Z,170,2551.927432,0.000401582
2017-07-04T00:00:00.000Z,153,2599.74475,0.000409531
2017-07-05T00:00:00.000Z,149,2608.104891,0.000397591
2017-07-06T00:00:00.000Z,142,2603.195474,0.000404972
2017-07-07T00:00:00.000Z,148,2495.780922,0.000400739
2017-07-08T00:00:00.000Z,165,2553.494158,0.000386646
2017-07-09T00:00:00.000Z,138,2506.173214,0.000386732
2017-07-10T00:00:00.000Z,197,2319.366897,0.000384728
2017-07-11T00:00:00.000Z,173,2319.167441,0.000389489
2017-07-12T00:00:00.000Z,177,2374.886266,0.000390434
2017-07-13T00:00:00.000Z,157,2343.738348,0.000392744
2017-07-14T00:00:00.000Z,139,2214.825237,0.000369436
2017-07-15T00:00:00.000Z,127,1989.63319,0.0003866
2017-07-16T00:00:00.000Z,163,1910.749542,0.00033852
2017-07-17T00:00:00.000Z,148,2215.746296,0.000346274
2017-07-18T00:00:00.000Z,165,2303.761146,0.000346283
2017-07-19T00:00:00.000Z,149,2257.065236,0.000346196
2017-07-20T00:00:00.000Z,162,2823.897926,0.000348483
2017-07-21T00:00:00.000Z,154,2666.139718,0.000352585
2017-07-22T00:00:00.000Z,160,2829.754055,0.000338676
2017-07-23T00:00:00.000Z,172,2753.243865,0.000330875
2017-07-24T00:00:00.000Z,178,2755.159524,0.000336305
2017-07-25T00:00:00.000Z,148,2558.692999,0.000341181
2017-07-26T00:00:00.000Z,147,2522.324646,0.000340669
2017-07-27T00:00:00.000Z,154,2665.147546,0.000325976
2017-07-28T00:00:00.000Z,150,2793.833485,0.000321806
2017-07-29T00:00:00.000Z,157,2706.450765,0.000315398
2017-07-30T00:00:00.000Z,147,2749.384528,0.000315319
2017-07-31T00:00:00.000Z,145,2862.611291,0.000322856
2017-08-01T00:00:00.000Z,149,2727.389182,0.000303934
2017-08-02T00:00:00.000Z,152,2690.145672,0.000312882
2017-08-03T00:00:00.000Z,138,2789.746312,0.000313274
2017-08-04T00:00:00.000Z,179,2860.272843,0.000307335
2017-08-05T00:00:00.000Z,177,3237.423363,0.00030667
2017-08-06T00:00:00.000Z,140,3230.116709,0.000307239
2017-08-07T00:00:00.000Z,153,3392.562419,0.000311498
2017-08-08T00:00:00.000Z,164,3425.676617,0.000314803
2017-08-09T00:00:00.000Z,138,3347.215432,0.000308691
2017-08-10T00:00:00.000Z,134,3437.032155,0.000303886
2017-08-11T00:00:00.000Z,144,3660.520537,0.000307302
2017-08-12T00:00:00.000Z,135,3871.082406,0.000306604
2017-08-13T00:00:00.000Z,148,4063.801053,0.000300179
2017-08-14T00:00:00.000Z,130,4304.603931,0.000315235
2017-08-15T00:00:00.000Z,152,4160.030546,0.000322486
2017-08-16T00:00:00.000Z,130,4364.678575,0.000330987
2017-08-17T00:00:00.000Z,179,4308.516861,0.000316174
2017-08-18T00:00:00.000Z,149,4108.507162,0.000321393
2017-08-19T00:00:00.000Z,151,4160.332457,0.000310691
2017-08-20T00:00:00.000Z,130,4085.810394,0.000308964
2017-08-21T00:00:00.000Z,115,3992.626035,0.000328976
2017-08-22T00:00:00.000Z,89,4074.330461,0.000355323
2017-08-23T00:00:00.000Z,159,4146.915345,0.000346162
2017-08-24T00:00:00.000Z,101,4325.816428,0.000369056
2017-08-25T00:00:00.000Z,101,4353.131773,0.00038022
2017-08-26T00:00:00.000Z,105,4341.978717,0.0003726
2017-08-27T00:00:00.000Z,155,4344.903445,0.000334725
2017-08-28T00:00:00.000Z,129,4379.763921,0.000351034
2017-08-29T00:00:00.000Z,149,4600.456831,0.0003526
2017-08-30T00:00:00.000Z,168,4586.632737,0.000335916
2017-08-31T00:00:00.000Z,163,4740.356218,0.000340948
2017-09-01T00:00:00.000Z,174,4918.166245,0.000331169
2017-09-02T00:00:00.000Z,164,4595.020018,0.000324151
2017-09-03T00:00:00.000Z,154,4625.296314,0.00031784
2017-09-04T00:00:00.000Z,175,4374.753496,0.00032524
2017-09-05T00:00:00.000Z,197,4454.052538,0.000315539
2017-09-06T00:00:00.000Z,162,4607.51653,0.000315861
2017-09-07T00:00:00.000Z,176,4635.111876,0.000304152
2017-09-08T00:00:00.000Z,175,4345.457656,0.000298744
2017-09-09T00:00:00.000Z,169,4335.59345,0.000291256
2017-09-10T00:00:00.000Z,138,4261.843521,0.000295617
2017-09-11T00:00:00.000Z,174,4212.547573,0.000292367
2017-09-12T00:00:00.000Z,188,4164.319434,0.00028965
2017-09-13T00:00:00.000Z,190,3887.118587,0.000287698
2017-09-14T00:00:00.000Z,174,3247.468739,0.000292502
2017-09-15T00:00:00.000Z,180,3699.222944,0.000293457
2017-09-16T00:00:00.000Z,169,3711.234351,0.000287767
2017-09-17T00:00:00.000Z,176,3711.856204,0.000284673
2017-09-18T00:00:00.000Z,127,4080.428443,0.000263468
2017-09-19T00:00:00.000Z,156,3925.73619,0.000247988
2017-09-20T00:00:00.000Z,117,3895.777079,0.000250666
2017-09-21T00:00:00.000Z,176,3617.243466,0.000241804
2017-09-22T00:00:00.000Z,139,3619.213718,0.000242989
2017-09-23T00:00:00.000Z,166,3775.600594,0.000238878
2017-09-24T00:00:00.000Z,145,3676.896944,0.000239073
2017-09-25T00:00:00.000Z,125,3918.738071,0.00024919
2017-09-26T00:00:00.000Z,138,3890.090937,0.000247248
2017-09-27T00:00:00.000Z,147,4207.787485,0.000246314
2017-09-28T00:00:00.000Z,177,4187.769796,0.000241503
2017-09-29T00:00:00.000Z,169,4155.01012,0.000240305
2017-09-30T00:00:00.000Z,138,4334.544613,0.000241382
2017-10-01T00:00:00.000Z,130,4382.086898,0.000244569
2017-10-02T00:00:00.000Z,150,4386.875715,0.000245222
2017-10-03T00:00:00.000Z,183,4306.564642,0.000238322
2017-10-04T00:00:00.000Z,134,4216.684821,0.000242392
2017-10-05T00:00:00.000Z,125,4319.420916,0.000246753
2017-10-06T00:00:00.000Z,159,4365.91571,0.000240583
2017-10-07T00:00:00.000Z,158,4438.855933,0.000235496
2017-10-08T00:00:00.000Z,182,4600.739797,0.000235046
2017-10-09T00:00:00.000Z,161,4777.534657,0.000240192
2017-10-10T00:00:00.000Z,160,4741.077915,0.00024264
2017-10-11T00:00:00.000Z,139,4814.967118,0.00024285
2017-10-12T00:00:00.000Z,153,5393.668983,0.000244363
2017-10-13T00:00:00.000Z,136,5614.077515,0.000260919
2017-10-14T00:00:00.000Z,141,5785.738315,0.00025279
2017-10-15T00:00:00.000Z,195,5689.86506,0.000225993
2017-10-16T00:00:00.000Z,174,5756.148812,0.000228875
2017-10-17T00:00:00.000Z,164,5590.416324,0.000231657
2017-10-18T00:00:00.000Z,151,5583.870426,0.000231581
2017-10-19T00:00:00.000Z,178,5708.312991,0.000227899
2017-10-20T00:00:00.000Z,179,6000.88313,0.000225618
2017-10-21T00:00:00.000Z,153,6030.207893,0.000228159
2017-10-22T00:00:00.000Z,182,5996.598139,0.00022475
2017-10-23T00:00:00.000Z,171,5888.250017,0.000228371
2017-10-24T00:00:00.000Z,167,5517.775353,0.000229872
2017-10-25T00:00:00.000Z,185,5736.017802,0.000222878
2017-10-26T00:00:00.000Z,180,5900.317729,0.00021329
2017-10-27T00:00:00.000Z,104,5771.945046,0.000195363
2017-10-28T00:00:00.000Z,85,5762.388577,0.000202335
2017-10-29T00:00:00.000Z,154,6174.728845,0.000198006
2017-10-30T00:00:00.000Z,147,6119.256384,0.000197472
2017-10-31T00:00:00.000Z,138,6428.514637,0.000196982
2017-11-01T00:00:00.000Z,156,6726.411835,0.00019915
2017-11-02T00:00:00.000Z,150,7043.777939,0.000198759
2017-11-03T00:00:00.000Z,119,7198.632111,0.000205212
2017-11-04T00:00:00.000Z,130,7420.498079,0.000201299
2017-11-05T00:00:00.000Z,141,7371.13903,0.000192366
2017-11-06T00:00:00.000Z,133,6985.263844,0.000198955
2017-11-07T00:00:00.000Z,156,7118.202544,0.000198602
2017-11-08T00:00:00.000Z,144,7451.212787,0.000198951
2017-11-09T00:00:00.000Z,153,7117.73805,0.000205901
2017-11-10T00:00:00.000Z,120,6620.567336,0.000215319
2017-11-11T00:00:00.000Z,80,6346.721449,0.000244248
2017-11-12T00:00:00.000Z,80,5829.097828,0.000292943
2017-11-13T00:00:00.000Z,140,6519.445172,0.00026614
2017-11-14T00:00:00.000Z,128,6592.374397,0.00025579
2017-11-15T00:00:00.000Z,152,7257.373212,0.000241432
2017-11-16T00:00:00.000Z,152,7833.704433,0.000233245
2017-11-17T00:00:00.000Z,167,7729.03327,0.00021922
2017-11-18T00:00:00.000Z,136,7796.154241,0.000215104
2017-11-19T00:00:00.000Z,160,8018.320688,0.000207492
2017-11-20T00:00:00.000Z,175,8269.874257,0.000211574
2017-11-21T00:00:00.000Z,173,8091.998084,0.000210627
2017-11-22T00:00:00.000Z,148,8249.59733,0.000210046
2017-11-23T00:00:00.000Z,157,8071.669821,0.00020943
2017-11-24T00:00:00.000Z,149,8232.422333,0.000207555
2017-11-25T00:00:00.000Z,156,8760.165442,0.000205229
2017-11-26T00:00:00.000Z,153,9319.903315,0.000205309
2017-11-27T00:00:00.000Z,170,9730.728579,0.000207815
2017-11-28T00:00:00.000Z,156,9932.19418,0.000210191
2017-11-29T00:00:00.000Z,173,9800.027552,0.000211771
2017-11-30T00:00:00.000Z,167,9996.714972,0.000210845
2017-12-01T00:00:00.000Z,183,10808.95833,0.000206544
2017-12-02T00:00:00.000Z,161,10934.85999,0.000204249
2017-12-03T00:00:00.000Z,176,11213.94266,0.000202522
2017-12-04T00:00:00.000Z,181,11562.12857,0.000205648
2017-12-05T00:00:00.000Z,178,11736.75407,0.000205165
2017-12-06T00:00:00.000Z,188,13992.13234,0.000197338
2017-12-07T00:00:00.000Z,152,17032.29338,0.000188827
2017-12-08T00:00:00.000Z,156,16298.48734,0.000210424
2017-12-09T00:00:00.000Z,174,15050.02195,0.000198889
2017-12-10T00:00:00.000Z,164,15474.99954,0.000193047
2017-12-11T00:00:00.000Z,171,16873.49778,0.000194517
2017-12-12T00:00:00.000Z,156,17433.93074,0.000201928
2017-12-13T00:00:00.000Z,186,16515.15257,0.000198397
2017-12-14T00:00:00.000Z,185,16602.8928,0.000202658
2017-12-15T00:00:00.000Z,169,17702.00217,0.00020251
2017-12-16T00:00:00.000Z,171,19640.51388,0.0001974
2017-12-17T00:00:00.000Z,185,19250.46765,0.000194448
2017-12-18T00:00:00.000Z,182,18982.02502,0.000183596
2017-12-19T00:00:00.000Z,140,17653.32609,0.00018592
2017-12-20T00:00:00.000Z,136,16453.62726,0.000206959
2017-12-21T00:00:00.000Z,132,15633.83365,0.000226852
2017-12-22T00:00:00.000Z,155,14305.71834,0.000237884
2017-12-23T00:00:00.000Z,139,14910.8581,0.000215766
2017-12-24T00:00:00.000Z,152,14026.34687,0.000195235
2017-12-25T00:00:00.000Z,135,14080.94226,0.000189432
2017-12-26T00:00:00.000Z,142,15727.14548,0.000188858
2017-12-27T00:00:00.000Z,156,15389.00057,0.000189103
2017-12-28T00:00:00.000Z,149,14289.45221,0.000190099
2017-12-29T00:00:00.000Z,165,14571.74608,0.000185889
2017-12-30T00:00:00.000Z,147,12948.71588,0.000190127
2017-12-31T00:00:00.000Z,163,13921.48064,0.000170071
2018-01-01T00:00:00.000Z,156,13464.65361,0.000162643
2018-01-02T00:00:00.000Z,171,14754.3222,0.000169801
2018-01-03T00:00:00.000Z,157,15010.28616,0.000179976
2018-01-04T00:00:00.000Z,168,15070.3008,0.000178392
2018-01-05T00:00:00.000Z,143,16997.22741,0.000181518
2018-01-06T00:00:00.000Z,168,17103.58928,0.000172637
2018-01-07T00:00:00.000Z,162,16231.695,0.000174959
2018-01-08T00:00:00.000Z,166,14937.41509,0.000173911
2018-01-09T00:00:00.000Z,164,14378.58622,0.000177404
2018-01-10T00:00:00.000Z,166,14669.08827,0.000175332
2018-01-11T00:00:00.000Z,193,13186.75494,0.000167666
2018-01-12T00:00:00.000Z,178,13789.44366,0.000166735
2018-01-13T00:00:00.000Z,149,14231.22506,0.000150442
2018-01-14T00:00:00.000Z,155,13681.06546,0.000141527
2018-01-15T00:00:00.000Z,150,13591.6962,0.0001435
2018-01-16T00:00:00.000Z,159,11431.04011,0.000147738
2018-01-17T00:00:00.000Z,167,11159.60859,0.000149332
2018-01-18T00:00:00.000Z,173,11246.03973,0.000146823
2018-01-19T00:00:00.000Z,165,11440.25556,0.000139677
2018-01-20T00:00:00.000Z,178,12768.40459,0.000134264
2018-01-21T00:00:00.000Z,187,11422.39426,0.000129493
2018-01-22T00:00:00.000Z,167,10737.35058,0.000129903
2018-01-23T00:00:00.000Z,177,10849.39188,0.000127655
2018-01-24T00:00:00.000Z,176,11225.89617,0.000127113
2018-01-25T00:00:00.000Z,158,11130.46495,0.000113263
2018-01-26T00:00:00.000Z,155,11035.55461,0.000106784
2018-01-27T00:00:00.000Z,157,11320.97019,0.000104862
2018-01-28T00:00:00.000Z,158,11615.95871,0.00010413
2018-01-29T00:00:00.000Z,148,11132.55431,0.000104142
2018-01-30T00:00:00.000Z,167,9959.546715,0.000104128
2018-01-31T00:00:00.000Z,117,10050.0958,0.000107591
2018-02-01T00:00:00.000Z,160,9039.865075,0.00010691
2018-02-02T00:00:00.000Z,168,8786.07738,0.000109163
2018-02-03T00:00:00.000Z,158,9132.100322,0.000103567
2018-02-04T00:00:00.000Z,178,8250.526896,0.000101443
2018-02-05T00:00:00.000Z,185,6849.542559,0.000104002
2018-02-06T00:00:00.000Z,170,7738.64396,0.000103503
2018-02-07T00:00:00.000Z,141,7624.59539,9.34499E-05
2018-02-08T00:00:00.000Z,131,8218.580852,9.22708E-05
2018-02-09T00:00:00.000Z,135,8660.453468,9.22306E-05
2018-02-10T00:00:00.000Z,143,8530.292805,9.15336E-05
2018-02-11T00:00:00.000Z,151,8096.728481,9.03607E-05
2018-02-12T00:00:00.000Z,166,8907.670179,9.03986E-05
2018-02-13T00:00:00.000Z,164,8523.966932,9.04897E-05
2018-02-14T00:00:00.000Z,179,9467.301033,8.99531E-05
2018-02-15T00:00:00.000Z,131,10106.73308,9.08654E-05
2018-02-16T00:00:00.000Z,157,10189.31648,9.00488E-05
2018-02-17T00:00:00.000Z,149,11085.59841,8.97207E-05
2018-02-18T00:00:00.000Z,162,10452.09198,8.94109E-05
2018-02-19T00:00:00.000Z,162,11139.35573,8.97212E-05
2018-02-20T00:00:00.000Z,141,11245.93232,8.7028E-05
2018-02-21T00:00:00.000Z,169,10458.86509,8.52317E-05
2018-02-22T00:00:00.000Z,149,9878.158943,8.52737E-05
2018-02-23T00:00:00.000Z,148,10159.06561,8.71433E-05
2018-02-24T00:00:00.000Z,145,9686.60178,8.78643E-05
2018-02-25T00:00:00.000Z,171,9603.227477,8.52226E-05
2018-02-26T00:00:00.000Z,141,10312.36571,8.58384E-05
2018-02-27T00:00:00.000Z,160,10654.10729,8.57006E-05
2018-02-28T00:00:00.000Z,155,10307.02497,8.58834E-05
2018-03-01T00:00:00.000Z,165,10923.63086,8.57129E-05
2018-03-02T00:00:00.000Z,156,11014.05847,8.53877E-05
2018-03-03T00:00:00.000Z,180,11425.68057,8.50537E-05
2018-03-04T00:00:00.000Z,148,11462.5832,8.50723E-05
2018-03-05T00:00:00.000Z,149,11540.66232,7.94338E-05
2018-03-06T00:00:00.000Z,156,10677.03523,7.78781E-05
2018-03-07T00:00:00.000Z,157,9903.085049,7.77621E-05
2018-03-08T00:00:00.000Z,162,9330.475453,7.77226E-05
2018-03-09T00:00:00.000Z,146,9278.139184,7.79015E-05
2018-03-10T00:00:00.000Z,140,8786.560423,7.83735E-05
2018-03-11T00:00:00.000Z,153,9513.5354,7.78246E-05
2018-03-12T00:00:00.000Z,161,9147.890181,7.76597E-05
2018-03-13T00:00:00.000Z,158,9160.542933,7.88067E-05
2018-03-14T00:00:00.000Z,144,8222.127239,7.79786E-05
2018-03-15T00:00:00.000Z,144,8268.589122,7.79492E-05
2018-03-16T00:00:00.000Z,156,8376.904498,7.75815E-05
2018-03-17T00:00:00.000Z,149,7881.661921,7.72878E-05
2018-03-18T00:00:00.000Z,151,8189.016719,7.5226E-05
2018-03-19T00:00:00.000Z,155,8537.015623,7.37848E-05
2018-03-20T00:00:00.000Z,127,8895.547179,7.40611E-05
2018-03-21T00:00:00.000Z,152,8879.594257,7.38205E-05
2018-03-22T00:00:00.000Z,143,8710.664935,7.372E-05
2018-03-23T00:00:00.000Z,133,8771.746323,7.37575E-05
2018-03-24T00:00:00.000Z,156,8610.988516,7.34447E-05
2018-03-25T00:00:00.000Z,135,8440.610923,7.3515E-05
2018-03-26T00:00:00.000Z,150,8171.184354,7.36685E-05
2018-03-27T00:00:00.000Z,152,7837.265319,7.3653E-05
2018-03-28T00:00:00.000Z,135,7933.64273,7.36858E-05
2018-03-29T00:00:00.000Z,152,7108.570813,7.36414E-05
2018-03-30T00:00:00.000Z,162,6832.149066,7.35425E-05
2018-03-31T00:00:00.000Z,128,6922.281297,7.3537E-05
2018-04-01T00:00:00.000Z,162,6804.524879,7.25735E-05
2018-04-02T00:00:00.000Z,156,7033.25961,7.23992E-05
2018-04-03T00:00:00.000Z,163,7420.800515,7.25225E-05
2018-04-04T00:00:00.000Z,147,6780.543601,7.25787E-05
2018-04-05T00:00:00.000Z,156,6798.422617,7.25142E-05
2018-04-06T00:00:00.000Z,138,6610.49235,7.3042E-05
2018-04-07T00:00:00.000Z,180,6886.469472,7.24886E-05
2018-04-08T00:00:00.000Z,161,7009.996104,7.23708E-05
2018-04-09T00:00:00.000Z,147,6736.892824,7.24825E-05
2018-04-10T00:00:00.000Z,164,6816.718615,7.24308E-05
2018-04-11T00:00:00.000Z,161,6944.785857,7.24152E-05
2018-04-12T00:00:00.000Z,154,7904.330275,7.29826E-05
2018-04-13T00:00:00.000Z,165,7919.064695,7.28558E-05
2018-04-14T00:00:00.000Z,137,8006.417943,6.69674E-05
2018-04-15T00:00:00.000Z,163,8342.271101,6.62638E-05
2018-04-16T00:00:00.000Z,141,8046.982134,6.64371E-05
2018-04-17T00:00:00.000Z,162,7887.737958,6.63522E-05
2018-04-18T00:00:00.000Z,160,8162.834862,6.6322E-05
2018-04-19T00:00:00.000Z,178,8272.967316,6.63191E-05
2018-04-20T00:00:00.000Z,137,8839.501132,6.66227E-05
2018-04-21T00:00:00.000Z,159,8863.540829,6.64169E-05
2018-04-22T00:00:00.000Z,160,8800.959087,6.61962E-05
2018-04-23T00:00:00.000Z,153,8930.784634,6.64857E-05
2018-04-24T00:00:00.000Z,159,9652.213789,6.76972E-05
2018-04-25T00:00:00.000Z,123,8855.508937,6.94949E-05
2018-04-26T00:00:00.000Z,141,9264.727427,6.80049E-05
2018-04-27T00:00:00.000Z,142,8981.33079,6.56223E-05
2018-04-28T00:00:00.000Z,128,9341.824685,6.40736E-05
2018-04-29T00:00:00.000Z,158,9396.99763,6.36417E-05
2018-04-30T00:00:00.000Z,155,9228.726484,6.37027E-05
2018-05-01T00:00:00.000Z,158,9072.168757,6.35241E-05
2018-05-02T00:00:00.000Z,140,9204.127641,6.38933E-05
2018-05-03T00:00:00.000Z,151,9750.700146,6.38234E-05
2018-05-04T00:00:00.000Z,138,9696.64291,6.39916E-05
2018-05-05T00:00:00.000Z,161,9795.925772,6.34897E-05
2018-05-06T00:00:00.000Z,137,9595.086819,6.36454E-05
2018-05-07T00:00:00.000Z,150,9339.510847,6.37171E-05
2018-05-08T00:00:00.000Z,139,9212.369635,6.37809E-05
2018-05-09T00:00:00.000Z,160,9293.042274,6.34491E-05
2018-05-10T00:00:00.000Z,154,9037.530509,6.34123E-05
2018-05-11T00:00:00.000Z,127,8419.758587,6.21542E-05
2018-05-12T00:00:00.000Z,165,8485.775267,6.1508E-05
2018-05-13T00:00:00.000Z,148,8695.833094,6.14518E-05
2018-05-14T00:00:00.000Z,132,8671.074175,6.19869E-05
2018-05-15T00:00:00.000Z,146,8488.463421,6.19109E-05
2018-05-16T00:00:00.000Z,179,8327.756201,6.15766E-05
2018-05-17T00:00:00.000Z,132,8050.516239,6.2837E-05
2018-05-18T00:00:00.000Z,148,8233.086455,6.28753E-05
2018-05-19T00:00:00.000Z,154,8229.482936,6.1627E-05
2018-05-20T00:00:00.000Z,144,8511.44883,6.15194E-05
2018-05-21T00:00:00.000Z,157,8398.623127,6.16447E-05
2018-05-22T00:00:00.000Z,151,8007.526532,6.15526E-05
2018-05-23T00:00:00.000Z,162,7520.867679,6.16031E-05
2018-05-24T00:00:00.000Z,143,7575.624486,6.0495E-05
2018-05-25T00:00:00.000Z,176,7425.375674,5.91979E-05
2018-05-26T00:00:00.000Z,162,7326.303186,5.90265E-05
2018-05-27T00:00:00.000Z,164,7338.193044,5.89315E-05
2018-05-28T00:00:00.000Z,156,7110.823882,5.93302E-05
2018-05-29T00:00:00.000Z,139,7453.633725,5.92765E-05
2018-05-30T00:00:00.000Z,174,7374.669049,5.89915E-05
2018-05-31T00:00:00.000Z,170,7478.741867,5.89832E-05
2018-06-01T00:00:00.000Z,166,7519.835737,5.89385E-05
2018-06-02T00:00:00.000Z,152,7637.448253,5.88858E-05
2018-06-03T00:00:00.000Z,163,7702.157933,5.8835E-05
2018-06-04T00:00:00.000Z,183,7486.6532,5.89036E-05
2018-06-05T00:00:00.000Z,175,7611.149853,5.71966E-05
2018-06-06T00:00:00.000Z,147,7650.775807,5.14367E-05
2018-06-07T00:00:00.000Z,143,7665.947896,5.14821E-05
2018-06-08T00:00:00.000Z,145,7622.60233,5.13936E-05
2018-06-09T00:00:00.000Z,143,7556.171698,5.14384E-05
2018-06-10T00:00:00.000Z,127,6744.735801,5.14278E-05
2018-06-11T00:00:00.000Z,140,6849.452687,5.16263E-05
2018-06-12T00:00:00.000Z,145,6526.69968,5.15045E-05
2018-06-13T00:00:00.000Z,143,6306.513168,5.19759E-05
2018-06-14T00:00:00.000Z,153,6629.770124,5.16484E-05
2018-06-15T00:00:00.000Z,153,6399.674046,5.14883E-05
2018-06-16T00:00:00.000Z,166,6495.315309,5.12992E-05
2018-06-17T00:00:00.000Z,157,6450.693973,5.14965E-05
2018-06-18T00:00:00.000Z,164,6703.81259,5.13253E-05
2018-06-19T00:00:00.000Z,155,6732.508809,5.24019E-05
2018-06-20T00:00:00.000Z,155,6753.206826,5.45365E-05
2018-06-21T00:00:00.000Z,170,6720.373234,5.12445E-05
2018-06-22T00:00:00.000Z,151,6059.575859,5.12988E-05
2018-06-23T00:00:00.000Z,160,6174.225779,5.02923E-05
2018-06-24T00:00:00.000Z,171,6146.487195,5.01582E-05
2018-06-25T00:00:00.000Z,157,6243.535441,5.04075E-05
2018-06-26T00:00:00.000Z,146,6096.128766,5.03791E-05
2018-06-27T00:00:00.000Z,121,6139.189683,5.05803E-05
2018-06-28T00:00:00.000Z,157,5858.635778,5.02344E-05
2018-06-29T00:00:00.000Z,151,6220.913715,5.02312E-05
2018-06-30T00:00:00.000Z,141,6375.541231,5.01727E-05
2018-07-01T00:00:00.000Z,147,6361.402539,4.99717E-05
2018-07-02T00:00:00.000Z,141,6608.367157,4.91797E-05
2018-07-03T00:00:00.000Z,116,6498.307859,4.77787E-05
2018-07-04T00:00:00.000Z,134,6579.333376,4.74751E-05
2018-07-05T00:00:00.000Z,137,6535.298403,4.74326E-05
2018-07-06T00:00:00.000Z,160,6598.459096,4.73861E-05
2018-07-07T00:00:00.000Z,156,6737.85608,4.72779E-05
2018-07-08T00:00:00.000Z,158,6704.91998,4.72539E-05
2018-07-09T00:00:00.000Z,136,6664.024094,4.74267E-05
2018-07-10T00:00:00.000Z,149,6309.084004,4.74558E-05
2018-07-11T00:00:00.000Z,135,6377.976511,4.74471E-05
2018-07-12T00:00:00.000Z,141,6159.466676,4.73856E-05
2018-07-13T00:00:00.000Z,143,6208.985572,4.73933E-05
2018-07-14T00:00:00.000Z,133,6255.112479,4.72996E-05
2018-07-15T00:00:00.000Z,133,6347.604274,4.73078E-05
2018-07-16T00:00:00.000Z,120,6710.807437,4.76314E-05
2018-07-17T00:00:00.000Z,159,7320.594828,4.90299E-05
2018-07-18T00:00:00.000Z,174,7376.038339,4.92523E-05
2018-07-19T00:00:00.000Z,171,7467.034298,4.92102E-05
2018-07-20T00:00:00.000Z,154,7327.256683,4.9142E-05
2018-07-21T00:00:00.000Z,137,7410.56562,4.90529E-05
2018-07-22T00:00:00.000Z,182,7399.483747,4.88712E-05
2018-07-23T00:00:00.000Z,166,7716.158627,4.91702E-05
2018-07-24T00:00:00.000Z,159,8397.616522,4.92828E-05
2018-07-25T00:00:00.000Z,177,8202.720395,4.91394E-05
2018-07-26T00:00:00.000Z,165,7913.930778,4.91171E-05
2018-07-27T00:00:00.000Z,167,8173.774611,4.90436E-05
2018-07-28T00:00:00.000Z,145,8190.360057,4.89917E-05
2018-07-29T00:00:00.000Z,170,8229.605839,4.50941E-05
2018-07-30T00:00:00.000Z,134,8171.839519,4.28842E-05
2018-07-31T00:00:00.000Z,147,7725.133036,4.28555E-05
2018-08-01T00:00:00.000Z,150,7596.698012,4.27406E-05
2018-08-02T00:00:00.000Z,153,7542.694662,4.28218E-05
2018-08-03T00:00:00.000Z,166,7411.34425,4.27409E-05
2018-08-04T00:00:00.000Z,176,7002.208653,4.25971E-05
2018-08-05T00:00:00.000Z,160,7031.587751,4.25526E-05
2018-08-06T00:00:00.000Z,131,6929.990894,4.27248E-05
2018-08-07T00:00:00.000Z,151,6722.578433,4.26908E-05
2018-08-08T00:00:00.000Z,157,6267.388674,4.27015E-05
2018-08-09T00:00:00.000Z,149,6558.096908,4.27393E-05
2018-08-10T00:00:00.000Z,176,6135.751859,4.26587E-05
2018-08-11T00:00:00.000Z,170,6313.749312,4.07772E-05
2018-08-12T00:00:00.000Z,155,6314.691656,3.96196E-05
2018-08-13T00:00:00.000Z,150,6265.848044,3.97687E-05
2018-08-14T00:00:00.000Z,136,6184.829086,3.9979E-05
2018-08-15T00:00:00.000Z,161,6270.214799,3.97915E-05
2018-08-16T00:00:00.000Z,158,6290.750455,3.98409E-05
2018-08-17T00:00:00.000Z,152,6563.078289,3.98634E-05
2018-08-18T00:00:00.000Z,160,6399.287447,3.96801E-05
2018-08-19T00:00:00.000Z,145,6490.716127,3.97145E-05
2018-08-20T00:00:00.000Z,150,6272.952729,3.99754E-05
2018-08-21T00:00:00.000Z,148,6473.076039,3.98898E-05
2018-08-22T00:00:00.000Z,160,6365.009832,3.98205E-05
2018-08-23T00:00:00.000Z,149,6516.409025,3.97648E-05
2018-08-24T00:00:00.000Z,146,6697.731879,3.89943E-05
2018-08-25T00:00:00.000Z,135,6745.438939,3.78437E-05
2018-08-26T00:00:00.000Z,173,6689.869333,3.78564E-05
2018-08-27T00:00:00.000Z,185,6839.158952,3.7915E-05
2018-08-28T00:00:00.000Z,153,7092.973808,3.82648E-05
2018-08-29T00:00:00.000Z,139,7033.428068,3.78834E-05
2018-08-30T00:00:00.000Z,154,6966.963744,3.7845E-05
2018-08-31T00:00:00.000Z,155,7025.14078,3.78705E-05
2018-09-01T00:00:00.000Z,151,7192.352547,3.77521E-05
2018-09-02T00:00:00.000Z,144,7286.667791,3.77177E-05
2018-09-03T00:00:00.000Z,144,7257.470214,3.77943E-05
2018-09-04T00:00:00.000Z,126,7358.811479,3.79693E-05
2018-09-05T00:00:00.000Z,132,6790.897328,3.80881E-05
2018-09-06T00:00:00.000Z,150,6488.075937,3.79988E-05
2018-09-07T00:00:00.000Z,152,6408.653622,3.655E-05
2018-09-08T00:00:00.000Z,150,6187.790502,3.61875E-05
2018-09-09T00:00:00.000Z,163,6249.24631,3.61452E-05
2018-09-10T00:00:00.000Z,135,6295.388603,3.62508E-05
2018-09-11T00:00:00.000Z,141,6278.42464,3.62912E-05
2018-09-12T00:00:00.000Z,168,6327.536363,3.62332E-05
2018-09-13T00:00:00.000Z,148,6490.912316,3.62239E-05
2018-09-14T00:00:00.000Z,132,6494.695479,3.62801E-05
2018-09-15T00:00:00.000Z,140,6524.165667,3.61426E-05
2018-09-16T00:00:00.000Z,139,6497.404701,3.61027E-05
2018-09-17T00:00:00.000Z,135,6258.594875,3.61837E-05
2018-09-18T00:00:00.000Z,142,6340.34779,3.62072E-05
2018-09-19T00:00:00.000Z,156,6383.951876,3.61436E-05
2018-09-20T00:00:00.000Z,154,6498.607111,3.60831E-05
2018-09-21T00:00:00.000Z,144,6741.142899,3.56562E-05
2018-09-22T00:00:00.000Z,155,6705.476051,3.54862E-05
2018-09-23T00:00:00.000Z,150,6703.13685,3.5433E-05
2018-09-24T00:00:00.000Z,148,6576.545003,3.54454E-05
2018-09-25T00:00:00.000Z,169,6416.444022,3.55016E-05
2018-09-26T00:00:00.000Z,139,6463.250404,3.55568E-05
2018-09-27T00:00:00.000Z,143,6677.900489,3.56311E-05
2018-09-28T00:00:00.000Z,154,6623.12616,3.56723E-05
2018-09-29T00:00:00.000Z,152,6584.499148,3.55148E-05
2018-09-30T00:00:00.000Z,163,6604.485028,3.54159E-05
2018-10-01T00:00:00.000Z,158,6561.813832,3.55485E-05
2018-10-02T00:00:00.000Z,137,6508.720939,3.56795E-05
2018-10-03T00:00:00.000Z,145,6464.456844,3.55739E-05
2018-10-04T00:00:00.000Z,150,6545.285668,3.44425E-05
2018-10-05T00:00:00.000Z,130,6585.14958,3.41717E-05
2018-10-06T00:00:00.000Z,125,6550.478316,3.41006E-05
2018-10-07T00:00:00.000Z,142,6564.56826,3.39844E-05
2018-10-08T00:00:00.000Z,135,6604.685274,3.407E-05
2018-10-09T00:00:00.000Z,130,6590.428622,3.40655E-05
2018-10-10T00:00:00.000Z,144,6529.102436,3.4028E-05
2018-10-11T00:00:00.000Z,159,6159.251643,3.40448E-05
2018-10-12T00:00:00.000Z,132,6191.677223,3.41047E-05
2018-10-13T00:00:00.000Z,141,6197.685696,3.39822E-05
2018-10-14T00:00:00.000Z,114,6182.879344,3.40224E-05
2018-10-15T00:00:00.000Z,162,6442.715414,3.41212E-05
2018-10-16T00:00:00.000Z,135,6461.937159,3.41124E-05
2018-10-17T00:00:00.000Z,138,6442.7307,3.40937E-05
2018-10-18T00:00:00.000Z,138,6396.479812,3.42655E-05
2018-10-19T00:00:00.000Z,142,6383.07784,3.53535E-05
2018-10-20T00:00:00.000Z,143,6408.252746,3.52863E-05
2018-10-21T00:00:00.000Z,138,6415.340503,3.52531E-05
2018-10-22T00:00:00.000Z,155,6408.033636,3.53135E-05
2018-10-23T00:00:00.000Z,154,6395.987667,3.53178E-05
2018-10-24T00:00:00.000Z,113,6413.803641,3.54205E-05
2018-10-25T00:00:00.000Z,137,6402.324859,3.53737E-05
2018-10-26T00:00:00.000Z,143,6404.108552,3.53554E-05
2018-10-27T00:00:00.000Z,136,6409.405328,3.52756E-05
2018-10-28T00:00:00.000Z,140,6406.633253,3.53337E-05
2018-10-29T00:00:00.000Z,146,6263.041735,3.53842E-05
2018-10-30T00:00:00.000Z,154,6272.167728,3.53539E-05
2018-10-31T00:00:00.000Z,163,6306.316931,3.52888E-05
2018-11-01T00:00:00.000Z,154,6342.977501,3.53292E-05
2018-11-02T00:00:00.000Z,143,6348.168583,3.53605E-05
2018-11-03T00:00:00.000Z,161,6332.434133,3.52316E-05
2018-11-04T00:00:00.000Z,123,6420.422,3.52988E-05
2018-11-05T00:00:00.000Z,144,6402.946839,3.53645E-05
2018-11-06T00:00:00.000Z,128,6441.145219,3.5421E-05
2018-11-07T00:00:00.000Z,130,6500.869805,3.54414E-05
2018-11-08T00:00:00.000Z,121,6406.752937,3.54895E-05
2018-11-09T00:00:00.000Z,127,6331.378767,3.54873E-05
2018-11-10T00:00:00.000Z,131,6353.112734,3.53512E-05
2018-11-11T00:00:00.000Z,146,6335.414204,3.52798E-05
2018-11-12T00:00:00.000Z,140,6320.656054,3.53795E-05
2018-11-13T00:00:00.000Z,120,6267.937991,3.54144E-05
2018-11-14T00:00:00.000Z,135,5574.258349,3.55673E-05
2018-11-15T00:00:00.000Z,127,5538.560608,3.5853E-05
2018-11-16T00:00:00.000Z,126,5496.016231,3.59515E-05
2018-11-17T00:00:00.000Z,145,5501.09234,3.82366E-05
2018-11-18T00:00:00.000Z,123,5555.376338,3.82322E-05
2018-11-19T00:00:00.000Z,126,4792.200024,3.88005E-05
2018-11-20T00:00:00.000Z,132,4317.53067,3.9392E-05
2018-11-21T00:00:00.000Z,105,4549.32201,3.91986E-05
2018-11-22T00:00:00.000Z,122,4303.615549,3.87771E-05
2018-11-23T00:00:00.000Z,125,4289.892853,3.86637E-05
2018-11-24T00:00:00.000Z,143,3806.316925,3.84575E-05
2018-11-25T00:00:00.000Z,127,3946.850874,3.85763E-05
2018-11-26T00:00:00.000Z,111,3700.285993,3.88329E-05
2018-11-27T00:00:00.000Z,131,3776.555905,3.86293E-05
2018-11-28T00:00:00.000Z,118,4208.475269,3.88388E-05
2018-11-29T00:00:00.000Z,105,4239.039488,3.90749E-05
2018-11-30T00:00:00.000Z,101,3973.334052,3.90082E-05
2018-12-01T00:00:00.000Z,124,4148.073726,3.85294E-05
2018-12-02T00:00:00.000Z,114,4098.746764,3.84133E-05
2018-12-03T00:00:00.000Z,114,3843.976666,4.18032E-05
2018-12-04T00:00:00.000Z,138,3892.951647,4.53225E-05
2018-12-05T00:00:00.000Z,130,3709.520858,4.52682E-05
2018-12-06T00:00:00.000Z,135,3511.968982,4.52953E-05
2018-12-07T00:00:00.000Z,114,3372.995693,4.54977E-05
2018-12-08T00:00:00.000Z,127,3407.951195,4.50834E-05
2018-12-09T00:00:00.000Z,128,3540.439576,4.50014E-05
2018-12-10T00:00:00.000Z,124,3413.592584,4.51791E-05
2018-12-11T00:00:00.000Z,125,3352.5642,4.52048E-05
2018-12-12T00:00:00.000Z,120,3423.012918,4.5192E-05
2018-12-13T00:00:00.000Z,131,3260.341582,4.51354E-05
2018-12-14T00:00:00.000Z,146,3198.947474,4.51494E-05
2018-12-15T00:00:00.000Z,149,3185.074044,4.49708E-05
2018-12-16T00:00:00.000Z,115,3195.414555,4.49978E-05
2018-12-17T00:00:00.000Z,160,3499.156482,4.49964E-05
2018-12-18T00:00:00.000Z,128,3659.527379,4.56673E-05
2018-12-19T00:00:00.000Z,149,3697.725303,5.01064E-05
2018-12-20T00:00:00.000Z,135,4067.737708,5.00409E-05
2018-12-21T00:00:00.000Z,140,3839.085108,5.01142E-05
2018-12-22T00:00:00.000Z,175,3964.946116,4.96621E-05
2018-12-23T00:00:00.000Z,176,3942.666996,4.95886E-05
2018-12-24T00:00:00.000Z,152,4040.04579,4.98531E-05
2018-12-25T00:00:00.000Z,159,3761.584011,4.96859E-05
2018-12-26T00:00:00.000Z,157,3807.657454,4.96442E-05
2018-12-27T00:00:00.000Z,174,3585.460536,4.96359E-05
2018-12-28T00:00:00.000Z,167,3881.054885,4.96698E-05
2018-12-29T00:00:00.000Z,138,3823.138326,4.96822E-05
2018-12-30T00:00:00.000Z,176,3825.407463,4.95405E-05
2018-12-31T00:00:00.000Z,155,3687.19994,4.81576E-05
2019-01-01T00:00:00.000Z,149,3808.117832,4.50251E-05
2019-01-02T00:00:00.000Z,151,3898.197488,4.51859E-05
2019-01-03T00:00:00.000Z,155,3784.388635,4.5195E-05
2019-01-04T00:00:00.000Z,149,3827.524594,4.52196E-05
2019-01-05T00:00:00.000Z,163,3798.613955,4.50301E-05
2019-01-06T00:00:00.000Z,141,4045.993775,4.51678E-05
2019-01-07T00:00:00.000Z,141,4001.018278,4.53715E-05
2019-01-08T00:00:00.000Z,169,3992.622789,4.51922E-05
2019-01-09T00:00:00.000Z,164,4004.259036,4.52909E-05
2019-01-10T00:00:00.000Z,156,3627.90345,4.53353E-05
2019-01-11T00:00:00.000Z,148,3624.161421,4.53441E-05
2019-01-12T00:00:00.000Z,138,3617.022078,4.52045E-05
2019-01-13T00:00:00.000Z,137,3508.670108,4.51197E-05
2019-01-14T00:00:00.000Z,149,3666.945194,4.32889E-05
2019-01-15T00:00:00.000Z,132,3581.293015,4.32977E-05
2019-01-16T00:00:00.000Z,133,3606.986576,4.33694E-05
2019-01-17T00:00:00.000Z,127,3640.129131,4.33821E-05
2019-01-18T00:00:00.000Z,138,3609.426736,4.32359E-05
2019-01-19T00:00:00.000Z,133,3687.301961,4.3183E-05
2019-01-20T00:00:00.000Z,157,3538.313723,4.30528E-05
2019-01-21T00:00:00.000Z,150,3535.623393,4.31962E-05
2019-01-22T00:00:00.000Z,130,3577.30835,4.32824E-05
2019-01-23T00:00:00.000Z,146,3551.893821,4.32705E-05
2019-01-24T00:00:00.000Z,162,3567.588934,4.32171E-05
2019-01-25T00:00:00.000Z,138,3561.350498,4.33524E-05
2019-01-26T00:00:00.000Z,150,3557.039915,4.31881E-05
2019-01-27T00:00:00.000Z,137,3537.614131,4.31244E-05
2019-01-28T00:00:00.000Z,145,3435.052514,4.36932E-05
2019-01-29T00:00:00.000Z,146,3395.823763,4.37794E-05
2019-01-30T00:00:00.000Z,136,3437.895866,4.37978E-05
2019-01-31T00:00:00.000Z,155,3410.131616,4.3929E-05
2019-02-01T00:00:00.000Z,158,3445.049891,4.39323E-05
2019-02-02T00:00:00.000Z,144,3461.935117,4.37012E-05
2019-02-03T00:00:00.000Z,138,3413.021616,4.36111E-05
2019-02-04T00:00:00.000Z,147,3411.387962,4.36453E-05
2019-02-05T00:00:00.000Z,147,3426.465011,4.365E-05
2019-02-06T00:00:00.000Z,164,3367.506365,4.37061E-05
2019-02-07T00:00:00.000Z,174,3358.873599,4.35783E-05
2019-02-08T00:00:00.000Z,163,3612.479619,4.3692E-05
2019-02-09T00:00:00.000Z,150,3621.268121,4.36496E-05
2019-02-10T00:00:00.000Z,140,3642.022359,4.295E-05
2019-02-11T00:00:00.000Z,145,3590.618484,4.20062E-05
2019-02-12T00:00:00.000Z,128,3587.902466,4.23915E-05
2019-02-13T00:00:00.000Z,153,3576.085373,4.22407E-05
2019-02-14T00:00:00.000Z,141,3561.916383,4.20994E-05
2019-02-15T00:00:00.000Z,127,3565.006924,4.21747E-05
2019-02-16T00:00:00.000Z,150,3584.736003,4.19688E-05
2019-02-17T00:00:00.000Z,159,3622.757429,4.18893E-05
2019-02-18T00:00:00.000Z,155,3866.129217,4.21252E-05
2019-02-19T00:00:00.000Z,156,3895.435211,4.22683E-05
2019-02-20T00:00:00.000Z,130,3931.613829,4.24426E-05
2019-02-21T00:00:00.000Z,119,3892.261794,4.24621E-05
2019-02-22T00:00:00.000Z,162,3948.300511,4.22664E-05
2019-02-23T00:00:00.000Z,143,4110.151121,4.20888E-05
2019-02-24T00:00:00.000Z,137,3754.18379,4.21647E-05
2019-02-25T00:00:00.000Z,143,3822.018697,4.23319E-05
2019-02-26T00:00:00.000Z,161,3796.175068,4.21489E-05
2019-02-27T00:00:00.000Z,141,3799.381992,4.21756E-05
2019-02-28T00:00:00.000Z,150,3792.947723,4.20791E-05
2019-03-01T00:00:00.000Z,162,3810.632693,4.20414E-05
2019-03-02T00:00:00.000Z,132,3809.643391,4.20351E-05
2019-03-03T00:00:00.000Z,146,3782.38187,4.19019E-05
2019-03-04T00:00:00.000Z,137,3698.161855,4.21023E-05
2019-03-05T00:00:00.000Z,149,3840.128049,4.20702E-05
2019-03-06T00:00:00.000Z,128,3851.998425,4.2413E-05
2019-03-07T00:00:00.000Z,142,3855.923168,4.22957E-05
2019-03-08T00:00:00.000Z,146,3839.233553,4.21922E-05
2019-03-09T00:00:00.000Z,138,3910.361167,4.20059E-05
2019-03-10T00:00:00.000Z,136,3903.911951,4.18838E-05
2019-03-11T00:00:00.000Z,142,3851.568922,4.21555E-05
2019-03-12T00:00:00.000Z,143,3858.914824,4.21663E-05
2019-03-13T00:00:00.000Z,135,3851.957466,4.23363E-05
2019-03-14T00:00:00.000Z,155,3853.783265,4.22161E-05
2019-03-15T00:00:00.000Z,153,3901.914207,4.2104E-05
2019-03-16T00:00:00.000Z,163,3989.796077,4.18808E-05
2019-03-17T00:00:00.000Z,146,3967.143494,4.18193E-05
2019-03-18T00:00:00.000Z,161,3969.440146,4.1901E-05
2019-03-19T00:00:00.000Z,174,3996.167904,4.18552E-05
2019-03-20T00:00:00.000Z,161,4030.655276,4.20151E-05
2019-03-21T00:00:00.000Z,143,3976.27385,4.22411E-05
2019-03-22T00:00:00.000Z,161,3983.887646,4.19894E-05
2019-03-23T00:00:00.000Z,145,3981.776033,4.1832E-05
2019-03-24T00:00:00.000Z,150,3970.666988,3.97541E-05
2019-03-25T00:00:00.000Z,148,3908.238839,4.00478E-05
2019-03-26T00:00:00.000Z,134,3917.763402,4.02971E-05
2019-03-27T00:00:00.000Z,149,4027.007918,4.04298E-05
2019-03-28T00:00:00.000Z,146,4010.937462,4.04615E-05
2019-03-29T00:00:00.000Z,147,4089.46104,4.07727E-05
2019-03-30T00:00:00.000Z,139,4091.891038,4.06712E-05
2019-03-31T00:00:00.000Z,139,4094.317815,4.04236E-05
2019-04-01T00:00:00.000Z,136,4138.417808,4.08836E-05
2019-04-02T00:00:00.000Z,157,4903.719462,4.17366E-05
2019-04-03T00:00:00.000Z,142,4960.227603,4.26006E-05
2019-04-04T00:00:00.000Z,140,4911.269702,4.28845E-05
2019-04-05T00:00:00.000Z,158,5033.225484,4.1661E-05
2019-04-06T00:00:00.000Z,139,5044.356846,4.12479E-05
2019-04-07T00:00:00.000Z,141,5189.111956,4.12555E-05
2019-04-08T00:00:00.000Z,148,5283.423025,4.21216E-05
2019-04-09T00:00:00.000Z,132,5195.577909,4.2079E-05
2019-04-10T00:00:00.000Z,148,5311.741603,4.16836E-05
2019-04-11T00:00:00.000Z,157,5050.666009,4.16521E-05
2019-04-12T00:00:00.000Z,151,5082.861432,4.13862E-05
2019-04-13T00:00:00.000Z,135,5074.790693,4.08977E-05
2019-04-14T00:00:00.000Z,122,5156.804041,4.08475E-05
2019-04-15T00:00:00.000Z,145,5042.897738,4.1019E-05
2019-04-16T00:00:00.000Z,145,5205.962957,4.10101E-05
2019-04-17T00:00:00.000Z,138,5226.352215,4.10551E-05
2019-04-18T00:00:00.000Z,149,5278.50234,4.08621E-05
2019-04-19T00:00:00.000Z,152,5289.951219,4.09647E-05
2019-04-20T00:00:00.000Z,131,5313.973262,4.07449E-05
2019-04-21T00:00:00.000Z,162,5295.733828,4.0526E-05
2019-04-22T00:00:00.000Z,134,5383.799975,4.12706E-05
2019-04-23T00:00:00.000Z,116,5544.862712,4.22385E-05
2019-04-24T00:00:00.000Z,163,5431.94792,4.2119E-05
2019-04-25T00:00:00.000Z,143,5127.673167,4.1664E-05
2019-04-26T00:00:00.000Z,151,5150.164661,4.14704E-05
2019-04-27T00:00:00.000Z,137,5181.807764,4.08371E-05
2019-04-28T00:00:00.000Z,163,5148.669615,4.04782E-05
2019-04-29T00:00:00.000Z,163,5148.800493,4.0984E-05
2019-04-30T00:00:00.000Z,140,5266.618203,4.15334E-05
2019-05-01T00:00:00.000Z,171,5315.175329,4.07773E-05
2019-05-02T00:00:00.000Z,184,5393.129376,4.06964E-05
2019-05-03T00:00:00.000Z,152,5658.430388,4.12791E-05
2019-05-04T00:00:00.000Z,132,5774.712429,3.96771E-05
2019-05-05T00:00:00.000Z,129,5728.351702,3.90037E-05
2019-05-06T00:00:00.000Z,151,5691.688374,3.90764E-05
2019-05-07T00:00:00.000Z,127,5825.744893,3.96833E-05
2019-05-08T00:00:00.000Z,152,5931.800595,3.97531E-05
2019-05-09T00:00:00.000Z,150,6150.140445,3.96674E-05
2019-05-10T00:00:00.000Z,125,6357.463494,4.0501E-05
2019-05-11T00:00:00.000Z,130,7325.08286,4.03811E-05
2019-05-12T00:00:00.000Z,158,6942.623175,3.94626E-05
2019-05-13T00:00:00.000Z,167,7798.905736,3.95599E-05
2019-05-14T00:00:00.000Z,152,7955.557682,4.01554E-05
2019-05-15T00:00:00.000Z,149,8215.206838,4.14611E-05
2019-05-16T00:00:00.000Z,146,7862.071602,4.21862E-05
2019-05-17T00:00:00.000Z,151,7326.920682,4.20198E-05
2019-05-18T00:00:00.000Z,153,7277.987563,4.00873E-05
2019-05-19T00:00:00.000Z,163,8219.742787,3.98498E-05
2019-05-20T00:00:00.000Z,161,7981.139379,4.0997E-05
2019-05-21T00:00:00.000Z,153,7983.808477,4.15352E-05
2019-05-22T00:00:00.000Z,167,7667.902115,4.06312E-05
2019-05-23T00:00:00.000Z,158,7897.471294,4.05598E-05
2019-05-24T00:00:00.000Z,153,7987.100368,4.12869E-05
2019-05-25T00:00:00.000Z,140,8061.591761,4.02296E-05
2019-05-26T00:00:00.000Z,165,8731.524956,3.92732E-05
2019-05-27T00:00:00.000Z,167,8816.786708,4.08968E-05
2019-05-28T00:00:00.000Z,164,8719.125848,4.1026E-05
2019-05-29T00:00:00.000Z,174,8655.488506,4.07351E-05
2019-05-30T00:00:00.000Z,160,8271.621963,4.06979E-05
2019-05-31T00:00:00.000Z,117,8556.222186,3.84823E-05
2019-06-01T00:00:00.000Z,151,8554.80733,3.64928E-05
2019-06-02T00:00:00.000Z,131,8744.353745,3.60842E-05
2019-06-03T00:00:00.000Z,119,8173.401271,3.83391E-05
2019-06-04T00:00:00.000Z,154,7649.939332,3.75376E-05
2019-06-05T00:00:00.000Z,160,7798.544466,3.63493E-05
2019-06-06T00:00:00.000Z,157,7776.713326,3.57809E-05
2019-06-07T00:00:00.000Z,158,8023.950093,3.55353E-05
2019-06-08T00:00:00.000Z,124,7939.805155,3.52431E-05
2019-06-09T00:00:00.000Z,147,7634.065751,3.48705E-05
2019-06-10T00:00:00.000Z,157,7993.302539,3.55024E-05
2019-06-11T00:00:00.000Z,143,7922.483627,3.57903E-05
2019-06-12T00:00:00.000Z,131,8146.756125,3.59511E-05
2019-06-13T00:00:00.000Z,151,8232.777341,3.56367E-05
2019-06-14T00:00:00.000Z,169,8698.004815,3.58636E-05
2019-06-15T00:00:00.000Z,146,8850.584816,3.53756E-05
2019-06-16T00:00:00.000Z,130,9019.517007,3.54742E-05
2019-06-17T00:00:00.000Z,133,9340.572189,3.63755E-05
2019-06-18T00:00:00.000Z,163,9047.132744,3.58593E-05
2019-06-19T00:00:00.000Z,177,9285.055677,3.55366E-05
2019-06-20T00:00:00.000Z,144,9546.719778,3.60869E-05
2019-06-21T00:00:00.000Z,133,10083.48631,3.65523E-05
2019-06-22T00:00:00.000Z,141,10685.29523,3.62339E-05
2019-06-23T00:00:00.000Z,181,10794.4277,3.51455E-05
2019-06-24T00:00:00.000Z,177,11004.20691,3.55133E-05
2019-06-25T00:00:00.000Z,146,11726.26383,3.62042E-05
2019-06-26T00:00:00.000Z,165,12863.46068,3.70177E-05
2019-06-27T00:00:00.000Z,142,11109.79784,3.54779E-05
2019-06-28T00:00:00.000Z,163,12358.20796,3.44642E-05
2019-06-29T00:00:00.000Z,174,11944.35155,3.32818E-05
2019-06-30T00:00:00.000Z,152,10842.61671,3.34491E-05
2019-07-01T00:00:00.000Z,143,10569.55173,3.39595E-05
2019-07-02T00:00:00.000Z,158,10766.08332,3.35499E-05
2019-07-03T00:00:00.000Z,172,11952.02489,3.30783E-05
2019-07-04T00:00:00.000Z,167,11177.01038,3.29532E-05
2019-07-05T00:00:00.000Z,189,10998.3991,3.27404E-05
2019-07-06T00:00:00.000Z,178,11208.2256,3.2381E-05
2019-07-07T00:00:00.000Z,153,11456.1836,3.24567E-05
2019-07-08T00:00:00.000Z,178,12319.62288,3.266E-05
2019-07-09T00:00:00.000Z,154,12579.10762,3.02193E-05
2019-07-10T00:00:00.000Z,129,12106.78293,2.92531E-05
2019-07-11T00:00:00.000Z,129,11294.67803,2.9114E-05
2019-07-12T00:00:00.000Z,164,11813.32372,2.86295E-05
2019-07-13T00:00:00.000Z,141,11346.83715,2.84356E-05
2019-07-14T00:00:00.000Z,145,10283.07579,2.83697E-05
2019-07-15T00:00:00.000Z,146,10926.38027,2.87121E-05
2019-07-16T00:00:00.000Z,162,9471.140865,2.86188E-05
2019-07-17T00:00:00.000Z,133,9674.882461,2.8817E-05
2019-07-18T00:00:00.000Z,121,10679.89069,2.9076E-05
2019-07-19T00:00:00.000Z,118,10532.20273,2.90388E-05
2019-07-20T00:00:00.000Z,177,10862.64855,2.83583E-05
2019-07-21T00:00:00.000Z,149,10589.70649,2.83193E-05
2019-07-22T00:00:00.000Z,158,10318.56093,2.84934E-05
2019-07-23T00:00:00.000Z,143,9866.64894,2.8646E-05
2019-07-24T00:00:00.000Z,139,9792.787537,2.87078E-05
2019-07-25T00:00:00.000Z,150,9897.186786,2.87252E-05
2019-07-26T00:00:00.000Z,166,9836.696788,2.85193E-05
2019-07-27T00:00:00.000Z,152,9446.672052,2.83818E-05
2019-07-28T00:00:00.000Z,175,9529.788792,2.82297E-05
2019-07-29T00:00:00.000Z,168,9504.158916,2.84321E-05
2019-07-30T00:00:00.000Z,142,9589.109206,2.88537E-05
2019-07-31T00:00:00.000Z,171,10059.00402,2.85984E-05
2019-08-01T00:00:00.000Z,142,10400.30701,2.86197E-05
2019-08-02T00:00:00.000Z,169,10529.69445,2.84892E-05
2019-08-03T00:00:00.000Z,173,10810.42167,2.8239E-05
2019-08-04T00:00:00.000Z,167,10986.50893,2.81604E-05
2019-08-05T00:00:00.000Z,143,11790.02394,2.59409E-05
2019-08-06T00:00:00.000Z,161,11423.497,2.57597E-05
2019-08-07T00:00:00.000Z,153,11967.27355,2.61494E-05
2019-08-08T00:00:00.000Z,142,11938.23461,2.61623E-05
2019-08-09T00:00:00.000Z,147,11858.3411,2.60771E-05
2019-08-10T00:00:00.000Z,151,11303.73056,2.56894E-05
2019-08-11T00:00:00.000Z,153,11530.19524,2.55835E-05
2019-08-12T00:00:00.000Z,133,11384.69625,2.59864E-05
2019-08-13T00:00:00.000Z,157,10867.05476,2.61382E-05
2019-08-14T00:00:00.000Z,152,10024.37959,2.59491E-05
2019-08-15T00:00:00.000Z,157,10310.08587,2.58601E-05
2019-08-16T00:00:00.000Z,147,10373.3219,2.59011E-05
2019-08-17T00:00:00.000Z,128,10207.15556,2.57305E-05
2019-08-18T00:00:00.000Z,126,10331.30998,2.55412E-05
2019-08-19T00:00:00.000Z,163,10884.62977,2.52058E-05
2019-08-20T00:00:00.000Z,153,10771.39238,2.52944E-05
2019-08-21T00:00:00.000Z,136,10096.83022,2.54589E-05
2019-08-22T00:00:00.000Z,141,10119.71452,2.54398E-05
2019-08-23T00:00:00.000Z,153,10414.14417,2.52253E-05
2019-08-24T00:00:00.000Z,160,10147.08715,2.50603E-05
2019-08-25T00:00:00.000Z,155,10100.35678,2.49656E-05
2019-08-26T00:00:00.000Z,137,10362.64347,2.51794E-05
2019-08-27T00:00:00.000Z,135,10168.22157,2.5189E-05
2019-08-28T00:00:00.000Z,151,9724.799978,2.51333E-05
2019-08-29T00:00:00.000Z,165,9482.311735,2.5097E-05
2019-08-30T00:00:00.000Z,160,9577.678823,2.51214E-05
2019-08-31T00:00:00.000Z,166,9605.024461,2.49737E-05
2019-09-01T00:00:00.000Z,143,9762.936557,2.37538E-05
2019-09-02T00:00:00.000Z,149,10377.33838,2.37071E-05
2019-09-03T00:00:00.000Z,164,10618.78151,2.37852E-05
2019-09-04T00:00:00.000Z,136,10577.24108,2.38596E-05
2019-09-05T00:00:00.000Z,165,10580.1847,2.37605E-05
2019-09-06T00:00:00.000Z,158,10330.84973,2.37806E-05
2019-09-07T00:00:00.000Z,150,10494.50696,2.36769E-05
2019-09-08T00:00:00.000Z,177,10407.26566,2.35723E-05
2019-09-09T00:00:00.000Z,146,10332.46444,2.37642E-05
2019-09-10T00:00:00.000Z,182,10085.95192,2.37277E-05
2019-09-11T00:00:00.000Z,184,10142.14806,2.36949E-05
2019-09-12T00:00:00.000Z,158,10403.35997,2.36908E-05
2019-09-13T00:00:00.000Z,150,10345.33875,2.32009E-05
2019-09-14T00:00:00.000Z,155,10363.4529,2.13808E-05
2019-09-15T00:00:00.000Z,147,10306.16967,2.13541E-05
2019-09-16T00:00:00.000Z,163,10257.82276,2.14543E-05
2019-09-17T00:00:00.000Z,148,10195.61118,2.15437E-05
2019-09-18T00:00:00.000Z,174,10161.31887,2.1477E-05
2019-09-19T00:00:00.000Z,148,10268.39263,2.15666E-05
2019-09-20T00:00:00.000Z,151,10170.12512,2.15116E-05
2019-09-21T00:00:00.000Z,166,9986.406108,2.13787E-05
2019-09-22T00:00:00.000Z,166,10047.01347,2.13636E-05
2019-09-23T00:00:00.000Z,114,9692.741048,2.16256E-05
2019-09-24T00:00:00.000Z,157,8613.671249,2.15721E-05
2019-09-25T00:00:00.000Z,156,8424.157646,2.15977E-05
2019-09-26T00:00:00.000Z,171,8091.695299,2.11965E-05
2019-09-27T00:00:00.000Z,132,8186.779639,2.01198E-05
2019-09-28T00:00:00.000Z,159,8201.979013,1.99353E-05
2019-09-29T00:00:00.000Z,136,8064.508062,1.99527E-05
2019-09-30T00:00:00.000Z,130,8282.365454,2.02205E-05
2019-10-01T00:00:00.000Z,143,8314.55139,2.0223E-05
2019-10-02T00:00:00.000Z,148,8362.530732,2.01037E-05
2019-10-03T00:00:00.000Z,147,8254.33991,2.01158E-05
2019-10-04T00:00:00.000Z,147,8165.686151,2.00011E-05
2019-10-05T00:00:00.000Z,158,8141.633714,1.98978E-05
2019-10-06T00:00:00.000Z,149,7854.609813,1.98799E-05
2019-10-07T00:00:00.000Z,155,8226.023429,1.99583E-05
2019-10-08T00:00:00.000Z,162,8190.115121,1.9975E-05
2019-10-09T00:00:00.000Z,138,8598.331921,2.0056E-05
2019-10-10T00:00:00.000Z,162,8578.090379,1.9845E-05
2019-10-11T00:00:00.000Z,156,8289.854029,1.96063E-05
2019-10-12T00:00:00.000Z,133,8323.750144,1.95665E-05
2019-10-13T00:00:00.000Z,142,8291.250651,1.95103E-05
2019-10-14T00:00:00.000Z,135,8346.368437,1.96071E-05
2019-10-15T00:00:00.000Z,153,8160.712628,1.95968E-05
2019-10-16T00:00:00.000Z,143,8003.855923,1.96393E-05
2019-10-17T00:00:00.000Z,150,8072.489382,1.95952E-05
2019-10-18T00:00:00.000Z,160,7959.331994,1.95694E-05
2019-10-19T00:00:00.000Z,142,7948.477337,1.95348E-05
2019-10-20T00:00:00.000Z,146,8213.709039,1.94932E-05
2019-10-21T00:00:00.000Z,159,8211.654559,1.95356E-05
2019-10-22T00:00:00.000Z,169,8029.205373,1.95337E-05
2019-10-23T00:00:00.000Z,168,7458.035857,1.94918E-05
2019-10-24T00:00:00.000Z,133,7454.371138,1.86963E-05
2019-10-25T00:00:00.000Z,138,8656.655178,1.87534E-05
2019-10-26T00:00:00.000Z,140,9249.646761,1.88646E-05
2019-10-27T00:00:00.000Z,115,9558.156044,1.87985E-05
2019-10-28T00:00:00.000Z,134,9319.178142,1.87895E-05
2019-10-29T00:00:00.000Z,133,9431.207124,1.87498E-05
2019-10-30T00:00:00.000Z,134,9182.855065,1.87284E-05
2019-10-31T00:00:00.000Z,132,9155.277299,1.87734E-05
2019-11-01T00:00:00.000Z,130,9251.381293,1.88163E-05
2019-11-02T00:00:00.000Z,134,9300.190838,1.8665E-05
2019-11-03T00:00:00.000Z,138,9209.638696,1.86393E-05
2019-11-04T00:00:00.000Z,132,9418.360131,1.89081E-05
2019-11-05T00:00:00.000Z,144,9330.787223,1.8811E-05
2019-11-06T00:00:00.000Z,132,9354.933382,1.87933E-05
2019-11-07T00:00:00.000Z,135,9210.748222,1.88871E-05
2019-11-08T00:00:00.000Z,128,8791.333935,2.02795E-05
2019-11-09T00:00:00.000Z,144,8810.784562,2.00754E-05
2019-11-10T00:00:00.000Z,166,9042.890723,2E-05
2019-11-11T00:00:00.000Z,151,8713.20793,2.008E-05
2019-11-12T00:00:00.000Z,135,8788.958143,2.01135E-05
2019-11-13T00:00:00.000Z,135,8766.729431,2.01569E-05
2019-11-14T00:00:00.000Z,169,8645.435804,2.00445E-05
2019-11-15T00:00:00.000Z,158,8465.877889,2.007E-05
2019-11-16T00:00:00.000Z,148,8477.690243,2.00097E-05
2019-11-17T00:00:00.000Z,154,8505.161223,1.99852E-05
2019-11-18T00:00:00.000Z,140,8183.533414,2.00926E-05
2019-11-19T00:00:00.000Z,147,8116.820673,2.01317E-05
2019-11-20T00:00:00.000Z,142,8076.55466,2.00738E-05
2019-11-21T00:00:00.000Z,137,7612.277488,2.00687E-05
2019-11-22T00:00:00.000Z,132,7277.524273,1.98395E-05
2019-11-23T00:00:00.000Z,173,7324.836179,1.95773E-05
2019-11-24T00:00:00.000Z,131,6943.380656,1.95828E-05
2019-11-25T00:00:00.000Z,125,7139.044686,1.97958E-05
2019-11-26T00:00:00.000Z,122,7165.43773,1.98812E-05
2019-11-27T00:00:00.000Z,139,7526.863817,1.97565E-05
2019-11-28T00:00:00.000Z,163,7436.336382,1.96351E-05
2019-11-29T00:00:00.000Z,136,7747.738042,1.97542E-05
2019-11-30T00:00:00.000Z,126,7556.193721,1.97241E-05
2019-12-01T00:00:00.000Z,139,7417.727206,1.96186E-05
2019-12-02T00:00:00.000Z,145,7318.312522,1.9664E-05
2019-12-03T00:00:00.000Z,158,7306.446233,1.96321E-05
2019-12-04T00:00:00.000Z,167,7215.020345,1.96547E-05
2019-12-05T00:00:00.000Z,145,7404.086795,1.96654E-05
2019-12-06T00:00:00.000Z,145,7534.208356,1.97979E-05
2019-12-07T00:00:00.000Z,155,7512.061403,1.9706E-05
2019-12-08T00:00:00.000Z,148,7528.940269,1.96799E-05
2019-12-09T00:00:00.000Z,148,7340.227459,1.9766E-05
2019-12-10T00:00:00.000Z,148,7232.091784,1.9774E-05
2019-12-11T00:00:00.000Z,132,7200.464446,1.98107E-05
2019-12-12T00:00:00.000Z,133,7192.849024,1.97931E-05
2019-12-13T00:00:00.000Z,152,7244.90372,1.9766E-05
2019-12-14T00:00:00.000Z,151,7071.10709,1.96803E-05
2019-12-15T00:00:00.000Z,124,7111.28667,1.97859E-05
2019-12-16T00:00:00.000Z,157,6882.395795,1.97501E-05
2019-12-17T00:00:00.000Z,141,6608.96198,1.97786E-05
2019-12-18T00:00:00.000Z,134,7284.625484,1.98514E-05
2019-12-19T00:00:00.000Z,157,7146.167638,1.97851E-05
2019-12-20T00:00:00.000Z,156,7184.219172,1.96713E-05
2019-12-21T00:00:00.000Z,176,7140.298011,1.95638E-05
2019-12-22T00:00:00.000Z,169,7479.402408,1.95378E-05
2019-12-23T00:00:00.000Z,143,7321.748724,1.9629E-05
2019-12-24T00:00:00.000Z,125,7235.629084,1.96351E-05
2019-12-25T00:00:00.000Z,128,7191.174166,1.95768E-05
2019-12-26T00:00:00.000Z,167,7194.639758,1.95987E-05
2019-12-27T00:00:00.000Z,145,7237.150447,1.96089E-05
2019-12-28T00:00:00.000Z,149,7306.643308,1.95561E-05
2019-12-29T00:00:00.000Z,155,7391.578521,1.95462E-05
2019-12-30T00:00:00.000Z,166,7229.397101,1.95699E-05
2019-12-31T00:00:00.000Z,145,7167.395055,1.95774E-05
2020-01-01T00:00:00.000Z,174,7170.631869,1.93473E-05
2020-01-02T00:00:00.000Z,141,6946.825269,1.8365E-05
2020-01-03T00:00:00.000Z,169,7315.30936,1.83664E-05
2020-01-04T00:00:00.000Z,168,7343.164194,1.83286E-05
2020-01-05T00:00:00.000Z,163,7345.530692,1.83295E-05
2020-01-06T00:00:00.000Z,135,7765.797735,1.84448E-05
2020-01-07T00:00:00.000Z,176,8136.086842,1.8437E-05
2020-01-08T00:00:00.000Z,142,8059.699529,1.85424E-05
2020-01-09T00:00:00.000Z,157,7817.136093,1.85016E-05
2020-01-10T00:00:00.000Z,149,8129.81792,1.85407E-05
2020-01-11T00:00:00.000Z,163,8032.005495,1.83824E-05
2020-01-12T00:00:00.000Z,151,8164.549993,1.83614E-05
2020-01-13T00:00:00.000Z,143,8121.925668,1.84075E-05
2020-01-14T00:00:00.000Z,145,8830.167873,1.84179E-05
2020-01-15T00:00:00.000Z,151,8811.448203,1.7297E-05
2020-01-16T00:00:00.000Z,159,8718.686998,1.7221E-05
2020-01-17T00:00:00.000Z,159,8912.541904,1.72263E-05
2020-01-18T00:00:00.000Z,132,8928.180757,1.7205E-05
2020-01-19T00:00:00.000Z,150,8687.354837,1.7163E-05
2020-01-20T00:00:00.000Z,152,8636.258786,1.71774E-05
2020-01-21T00:00:00.000Z,153,8730.86756,1.72008E-05
2020-01-22T00:00:00.000Z,156,8647.900474,1.72036E-05
2020-01-23T00:00:00.000Z,159,8366.384614,1.72024E-05
2020-01-24T00:00:00.000Z,152,8423.390958,1.71579E-05
2020-01-25T00:00:00.000Z,164,8344.774569,1.71119E-05
2020-01-26T00:00:00.000Z,143,8573.87481,1.71162E-05
2020-01-27T00:00:00.000Z,129,8901.959285,1.72367E-05
2020-01-28T00:00:00.000Z,142,9297.388318,1.67206E-05
2020-01-29T00:00:00.000Z,160,9311.947544,1.64235E-05
2020-01-30T00:00:00.000Z,156,9508.920965,1.64245E-05
2020-01-31T00:00:00.000Z,144,9357.284782,1.64599E-05
2020-02-01T00:00:00.000Z,151,9381.886029,1.64116E-05
2020-02-02T00:00:00.000Z,143,9339.387063,1.64096E-05
2020-02-03T00:00:00.000Z,148,9279.812521,1.64516E-05
2020-02-04T00:00:00.000Z,132,9161.627198,1.64936E-05
2020-02-05T00:00:00.000Z,159,9628.136776,1.64631E-05
2020-02-06T00:00:00.000Z,135,9739.280436,1.65298E-05
2020-02-07T00:00:00.000Z,139,9800.2794,1.65475E-05
2020-02-08T00:00:00.000Z,139,9911.293408,1.64548E-05
2020-02-09T00:00:00.000Z,153,10151.0832,1.64288E-05
2020-02-10T00:00:00.000Z,122,9872.361873,1.656E-05
2020-02-11T00:00:00.000Z,148,10272.22256,1.64953E-05
2020-02-12T00:00:00.000Z,142,10360.13522,1.65232E-05
2020-02-13T00:00:00.000Z,141,10235.49732,1.64921E-05
2020-02-14T00:00:00.000Z,135,10361.61569,1.64898E-05
2020-02-15T00:00:00.000Z,142,9911.724327,1.64261E-05
2020-02-16T00:00:00.000Z,142,9952.046612,1.63762E-05
2020-02-17T00:00:00.000Z,157,9683.079628,1.63792E-05
2020-02-18T00:00:00.000Z,150,10195.30379,1.64391E-05
2020-02-19T00:00:00.000Z,141,9636.002299,1.64616E-05
2020-02-20T00:00:00.000Z,126,9614.030122,1.64543E-05
2020-02-21T00:00:00.000Z,154,9701.797503,1.63741E-05
2020-02-22T00:00:00.000Z,148,9675.249058,1.63308E-05
2020-02-23T00:00:00.000Z,142,9972.842423,1.63285E-05
2020-02-24T00:00:00.000Z,141,9648.007883,1.63852E-05
2020-02-25T00:00:00.000Z,144,9344.28714,1.64418E-05
2020-02-26T00:00:00.000Z,136,8798.888949,1.65183E-05
2020-02-27T00:00:00.000Z,147,8779.029482,1.64744E-05
2020-02-28T00:00:00.000Z,158,8750.593446,1.6445E-05
2020-02-29T00:00:00.000Z,139,8582.0903,1.64092E-05
2020-03-01T00:00:00.000Z,177,8541.773894,1.6343E-05
2020-03-02T00:00:00.000Z,149,8906.214756,1.64397E-05
2020-03-03T00:00:00.000Z,153,8768.810614,1.64483E-05
2020-03-04T00:00:00.000Z,167,8756.369572,1.64208E-05
2020-03-05T00:00:00.000Z,163,9062.615803,1.6432E-05
2020-03-06T00:00:00.000Z,155,9147.085059,1.64607E-05
2020-03-07T00:00:00.000Z,157,8898.306957,1.63893E-05
2020-03-08T00:00:00.000Z,158,8109.614541,1.63708E-05
2020-03-09T00:00:00.000Z,150,7896.38532,1.5821E-05
2020-03-10T00:00:00.000Z,132,7909.927875,1.54476E-05
2020-03-11T00:00:00.000Z,119,7939.341335,1.55026E-05
2020-03-12T00:00:00.000Z,151,4959.313414,1.56762E-05
2020-03-13T00:00:00.000Z,125,5627.692388,1.6013E-05
2020-03-14T00:00:00.000Z,128,5145.172506,1.5698E-05
2020-03-15T00:00:00.000Z,119,5358.610663,1.56221E-05
2020-03-16T00:00:00.000Z,119,5012.927388,1.5823E-05
2020-03-17T00:00:00.000Z,123,5416.754711,1.58098E-05
2020-03-18T00:00:00.000Z,100,5392.487836,1.59272E-05
2020-03-19T00:00:00.000Z,107,6203.551632,1.59728E-05
2020-03-20T00:00:00.000Z,109,6174.149476,1.60746E-05